base_id,split,modality,filename,tcir_vmax_proxy_kt,embed_00,embed_01,embed_02,embed_03,embed_04,embed_05,embed_06,embed_07,embed_08,embed_09,embed_10,embed_11,embed_12,embed_13,embed_14,embed_15,embed_16,embed_17,embed_18,embed_19,embed_20,embed_21,embed_22,embed_23,embed_24,embed_25,embed_26,embed_27,embed_28,embed_29,embed_30,embed_31
28,test,raw,28.jpg,38.08807306901002,0.0,1.443160057067871,0.259235143661499,0.0,0.7075597047805786,0.0,0.0,0.0,0.0,0.0,0.0,0.0,0.0,0.0,0.0,0.0,0.0,0.0,0.0,0.0,0.0,0.0,0.0,0.0,0.0,0.0,0.0,0.5810024738311768,0.0,0.0,0.0,0.0
34,test,raw,34(!).jpg,27.79351439978643,0.0,1.7662363052368164,0.6776633858680725,0.0,0.9930561780929565,0.0,0.0,1.051772117614746,0.0,0.0,0.0,0.0,0.026534738019108772,1.1328166723251343,0.0,0.0,1.1501609086990356,0.0,0.0,0.0,0.0,0.0,0.0,0.0,0.0,0.0,0.0,1.3885418176651,0.0,0.0,0.0,0.0
34,test,raw,34.jpg,42.811670831543324,0.0,1.7738572359085083,0.40193307399749756,0.0,0.4654545783996582,0.0,0.0,0.0,0.0,0.8616935610771179,0.0,0.0,0.0,0.0,0.0,0.0,0.0,0.0,0.0,0.0,0.0,0.0,0.0,0.0,0.0,0.0,0.0,0.0,0.0,0.0,0.0,0.0
37,test,raw,37.jpg,49.122340369229605,0.0,0.9505929350852966,0.0,0.0,0.0,0.0,0.0,0.0,0.0,1.0036100149154663,0.0,0.0,0.0,0.0,0.0,0.0,0.0,0.1844588816165924,0.0,0.0,0.0,0.0,0.0,0.0,0.0,0.49675652384757996,0.0,0.0,0.0,0.0,0.0,0.0
43,test,raw,43(2).jpg,34.21127790093885,0.0,2.179941177368164,0.7486874461174011,0.0,0.7618907690048218,0.0,0.0,0.3868665099143982,0.0,0.0,0.0,0.0,0.0,0.0,0.0,0.0,0.3335031270980835,0.0,0.0,0.0,0.0,0.0,0.0,0.0,0.0,0.0,0.0,0.5998945236206055,0.0,0.0,0.0,0.0
43,test,raw,43.jpg,29.89809264936889,0.0,2.1303153038024902,1.269590973854065,0.0,0.6316392421722412,0.0,0.0,0.7620393633842468,0.0,0.0,0.0,0.0,0.0,0.0,0.0,0.0,0.20534084737300873,0.0,0.0,0.0,0.0,0.0,0.0,0.0,0.0,0.0,0.0,1.590815782546997,0.0,0.0,0.0,0.0
68,test,raw,68(1).jpg,19.844708554905992,0.0,2.492570161819458,0.9911995530128479,0.0,1.918725848197937,0.0,0.0,1.325989007949829,0.0,0.0,0.0,0.0,0.0,1.4081717729568481,0.0,0.0,1.4741287231445312,0.0,0.0,0.0,0.0,0.0,0.0,0.0,0.0,0.0,0.0,1.8294628858566284,0.0,0.0,0.0,0.0
68,test,raw,68.jpg,39.57773517071598,0.0,1.3645408153533936,0.346665620803833,0.0,0.532455563545227,0.0,0.0,0.0,0.0,0.43128570914268494,0.0,0.0,0.0,0.0,0.0,0.0,0.0,0.0,0.0,0.0,0.0,0.0,0.0,0.0,0.0,0.0,0.0,0.7129291296005249,0.0,0.0,0.0,0.0
69,test,raw,69(1).jpg,22.182303793107963,0.0,2.020796537399292,1.1471142768859863,0.0,1.7162002325057983,0.0,0.0,1.2243151664733887,0.0,0.0,0.0,0.0,0.20018267631530762,1.1408226490020752,0.0,0.0,1.3637961149215698,0.0,0.0,0.0,0.0,0.0,0.0,0.0,0.0,0.0,0.0,1.881503701210022,0.0,0.0,0.0,0.0
69,test,raw,69.jpg,43.1178365508635,0.0,1.419152855873108,0.0,0.0,0.38236990571022034,0.0,0.0,0.0,0.0,0.4364282786846161,0.0,0.0,0.0,0.0,0.0,0.0,0.0,0.08826782554388046,0.0,0.0,0.0,0.0,0.0,0.0,0.0,0.0,0.0,0.0,0.0,0.0,0.0,0.0
81,test,raw,81 2.jpg,37.90610644846544,0.0,1.7653862237930298,0.5359994769096375,0.0,0.8017397522926331,0.0,0.0,0.0,0.0,0.2277955859899521,0.0,0.0,0.0,0.0,0.0,0.0,0.0,0.0,0.0,0.0,0.0,0.0,0.0,0.0,0.0,0.0,0.0,0.46283599734306335,0.0,0.0,0.0,0.0
81,test,raw,81.jpg,37.589130618414345,0.0,1.7951428890228271,0.5606116652488708,0.0,0.7683744430541992,0.0,0.0,0.0,0.0,0.2036481350660324,0.0,0.0,0.0,0.0,0.0,0.0,0.0,0.0,0.0,0.0,0.0,0.0,0.0,0.0,0.0,0.0,0.0,0.5053321719169617,0.0,0.0,0.0,0.0
82,test,raw,82(1).jpg,21.79894274084893,0.0,2.220612049102783,1.3674710988998413,0.0,2.264349937438965,0.0,0.0,0.7143003940582275,0.0,0.0,0.0,0.0,0.4270434081554413,1.248513102531433,0.0,0.0,1.168976068496704,0.0,0.0,0.0,0.0,0.0,0.0,0.0,0.0,0.0,0.0,1.5550141334533691,0.0,0.0,0.0,0.0
82,test,raw,82.jpg,44.337317991761154,0.0,0.9889798164367676,0.03940798342227936,0.0,1.0005885362625122,0.0,0.0,0.0,0.0,0.5158553719520569,0.0,0.0,0.0,0.0,0.0,0.0,0.0,0.04584386572241783,0.0,0.0,0.0,0.0,0.0,0.0,0.0,0.3173452317714691,0.0,0.0368201918900013,0.0,0.0,0.0,0.0
83,test,raw,83(1).jpg,47.37386934016885,0.0,0.8375964164733887,0.0,0.0,0.8992457985877991,0.0,0.0,0.0,0.0,0.7617051601409912,0.0,0.0,0.0,0.0,0.0,0.0,0.0,0.18037596344947815,0.0,0.0,0.0,0.0,0.0,0.0,0.0,0.6978041529655457,0.0,0.0,0.0,0.0,0.0,0.0
98,test,raw,98.jpg,16.923988834905458,0.0,2.4026098251342773,1.0945199728012085,0.0,2.037065029144287,0.0,0.0,1.1766092777252197,0.0,0.0,0.0,0.0,1.7209596633911133,1.843056321144104,0.0,0.0,1.7235918045043945,0.0,0.0,0.0,0.0,0.0,0.0,0.0,0.0,0.0,0.0,1.5530917644500732,0.0,0.0,0.0,0.0
111,test,raw,111.jpg,36.020762360702236,0.0,1.8517210483551025,0.5076871514320374,0.0,1.1225494146347046,0.0,0.0,0.0,0.0,0.0,0.0,0.0,0.0,0.0,0.0,0.0,0.0,0.0,0.0,0.0,0.0,0.0,0.0,0.0,0.0,0.0,0.0,0.4893259108066559,0.0,0.0,0.0,0.0
112,test,raw,112.jpg,20.06237008725975,0.0,2.3838627338409424,1.1078013181686401,0.0,2.0673036575317383,0.0,0.0,0.9227494597434998,0.0,0.0,0.0,0.0,0.8953202962875366,1.4334346055984497,0.0,0.0,1.2965879440307617,0.0,0.0,0.0,0.0,0.0,0.0,0.0,0.0,0.0,0.0,1.5522124767303467,0.0,0.0,0.0,0.0
115,test,raw,115.jpg,27.75999129613649,0.0,2.348755359649658,0.8473342061042786,0.0,1.9414249658584595,0.0,0.0,0.35586124658584595,0.0,0.0,0.0,0.0,0.0,0.3093622922897339,0.0,0.0,0.5325912833213806,0.0,0.0,0.0,0.0,0.0,0.0,0.0,0.0,0.0,0.0,1.139207124710083,0.0,0.0,0.0,0.0
119,test,raw,119.jpg,18.880223144568163,0.0,2.106410264968872,1.440438151359558,0.0,2.3106002807617188,0.0,0.0,1.0219001770019531,0.0,0.0,0.0,0.0,0.7224189639091492,1.5451719760894775,0.0,0.0,1.2822494506835938,0.0,0.0,0.0,0.0,0.0,0.0,0.0,0.0,0.0,0.0,1.9227360486984253,0.0,0.0,0.0,0.0
128,test,raw,128.jpg,33.32815889699668,0.0,2.0509297847747803,0.631862223148346,0.0,1.6034575700759888,0.0,0.0,0.0,0.0,0.0,0.0,0.0,0.0,0.0,0.0,0.0,0.3768143951892853,0.0,0.0,0.0,0.0,0.0,0.0,0.0,0.0,0.0,0.0,0.5795828104019165,0.0,0.0,0.0,0.0
25,train,raw,25.jpg,56.444677205696394,0.0,0.652090311050415,0.0,0.0,0.0,0.0,0.0,0.0,0.0,1.7511507272720337,0.0,0.0,0.0,0.0,0.0,0.0,0.0,1.1179124116897583,0.0,0.0,0.0,0.0,0.0,0.0,0.0,1.3567829132080078,0.0,0.0,0.0,0.0,0.0,0.0
30,train,raw,30(1).jpg,46.698362319916356,0.0,0.5473304986953735,0.15225918591022491,0.0,0.0,0.0,0.0,0.0,0.0,1.2107245922088623,0.0,0.0,0.0,0.0,0.0,0.0,0.0,0.18275514245033264,0.0,0.0,0.0,0.0,0.0,0.0,0.0,0.4971156418323517,0.0,1.018982172012329,0.0,0.0,0.0,0.0
30,train,raw,30.jpg,39.88647186451715,0.0,1.1789324283599854,0.2846507430076599,0.0,1.2548593282699585,0.0,0.0,0.0,0.0,0.15198945999145508,0.0,0.0,0.0,0.19579969346523285,0.0,0.0,0.0,0.0,0.0,0.0,0.0,0.0,0.0,0.0,0.0,0.0,0.0,0.16949893534183502,0.0,0.0,0.0,0.0
32,train,raw,32(1).jpg,24.11711875210301,0.0,2.2784311771392822,1.04655921459198,0.0,1.8183475732803345,0.0,0.0,0.7923997640609741,0.0,0.0,0.0,0.0,0.0,0.9639853835105896,0.0,0.0,1.104614019393921,0.0,0.0,0.0,0.0,0.0,0.0,0.0,0.0,0.0,0.0,1.5190010070800781,0.0,0.0,0.0,0.0
32,train,raw,32.jpg,48.886962397659126,0.0,1.2373968362808228,0.0,0.0,0.0,0.0,0.0,0.0,0.0,1.2252521514892578,0.0,0.0,0.0,0.0,0.0,0.0,0.0,0.268131285905838,0.0,0.0,0.0,0.0,0.0,0.0,0.0,0.49616381525993347,0.0,0.0,0.0,0.0,0.0,0.0
33,train,raw,33(1).jpg,45.30721274957543,0.0,0.805591344833374,0.22472019493579865,0.0,0.32018569111824036,0.0,0.0,0.0,0.0,0.6788073182106018,0.0,0.0,0.0,0.0,0.0,0.0,0.0,0.0,0.0,0.0,0.0,0.0,0.0,0.0,0.0,0.2706635892391205,0.0,0.368420273065567,0.0,0.0,0.0,0.0
33,train,raw,33(2).jpg,39.479436386478085,0.0,0.9049482345581055,0.6035469174385071,0.0,0.3287182152271271,0.0,0.0,0.0,0.0,0.49603646993637085,0.0,0.0,0.0,0.0,0.0,0.0,0.0,0.05903681740164757,0.0,0.0,0.0,0.0,0.0,0.0,0.0,0.0,0.0,1.271342396736145,0.0,0.0,0.0,0.0
33,train,raw,33.jpg,37.16626154294562,0.0,1.2892262935638428,0.0,0.0,1.4627832174301147,0.0,0.0,0.0,0.0,0.0,0.0,0.0,0.1778549998998642,0.8805140256881714,0.0,0.0,0.404218465089798,0.0,0.0,0.0,0.0,0.0,0.0,0.0,0.0,0.0,0.0,0.0,0.0,0.0,0.0,0.0
35,train,raw,35(1).jpg,47.86919718949714,0.0,1.3268911838531494,0.0,0.0,0.0,0.0,0.0,0.0,0.0,1.1597743034362793,0.0,0.0,0.0,0.0,0.0,0.0,0.0,0.31109800934791565,0.0,0.0,0.0,0.0,0.0,0.0,0.0,0.31078019738197327,0.0,0.0,0.0,0.0,0.0,0.0
35,train,raw,35(2).jpg,40.67185349233847,0.0,1.1303467750549316,0.27411508560180664,0.0,0.6282726526260376,0.0,0.0,0.0,0.0,0.0,0.0,0.0,0.0,0.0,0.0,0.0,0.0,0.0,0.0,0.0,0.0,0.0,0.0,0.0,0.0,0.0,0.0,0.3078977167606354,0.0,0.0,0.0,0.0
35,train,raw,35(3).jpg,23.852656041551086,0.0,3.0867488384246826,0.9805669784545898,0.0,1.356021523475647,0.0,0.0,1.1123802661895752,0.0,0.0,0.0,0.0,0.0,0.2968084216117859,0.0,0.0,1.1411750316619873,0.0,0.0,0.0,0.0,0.0,0.0,0.0,0.0,0.0,0.0,1.3305714130401611,0.0,0.0,0.0,0.0
35,train,raw,35.jpg,48.01618546616177,0.0,1.1962049007415771,0.0,0.0,0.12479554116725922,0.0,0.0,0.0,0.0,0.9265978336334229,0.0,0.0,0.0,0.0,0.0,0.0,0.0,0.42697229981422424,0.0,0.0,0.0,0.0,0.0,0.0,0.0,0.5748319625854492,0.0,0.04680313542485237,0.0,0.0,0.0,0.0
36,train,raw,36(1).jpg,30.53697508657251,0.0,2.5440146923065186,0.6803890466690063,0.0,0.6461591720581055,0.0,0.0,0.6771174669265747,0.0,0.0,0.0,0.0,0.0,0.0,0.0,0.0,0.7211677432060242,0.0,0.0,0.0,0.0,0.0,0.0,0.0,0.0,0.0,0.0,0.9949002265930176,0.0,0.0,0.0,0.0
36,train,raw,36(2).jpg,41.156722111009,0.0,1.2884474992752075,0.07653249800205231,0.0,0.026687579229474068,0.0,0.0,0.14777976274490356,0.0,0.6310464143753052,0.0,0.0,0.0,0.0,0.0,0.0,0.0,0.0,0.0,0.0,0.0,0.0,0.0,0.0,0.0,0.19040797650814056,0.0,0.9115792512893677,0.0,0.0,0.0,0.0
36,train,raw,36(3).jpg,49.590313093001285,0.0,0.557388961315155,0.3705626130104065,0.0,0.32935720682144165,0.0,0.0,0.0,0.0,1.0750799179077148,0.0,0.0,0.0,0.0,0.0,0.0,0.0,0.20929470658302307,0.0,0.0,0.0,0.0,0.0,0.0,0.0,0.7665239572525024,0.0,0.2817974388599396,0.0,0.0,0.0,0.0
36,train,raw,36.jpg,40.829790300313334,0.0,1.658352255821228,0.21456630527973175,0.0,1.2319036722183228,0.0,0.0,0.0,0.0,0.5354302525520325,0.0,0.0,0.0,0.0,0.0,0.0,0.0,0.0,0.0,0.0,0.0,0.0,0.0,0.0,0.0,0.09855134785175323,0.0,0.0,0.0,0.0,0.0,0.0
38,train,raw,38.jpg,31.870449844741756,0.0,1.4856699705123901,0.5994341969490051,0.0,2.071420907974243,0.0,0.0,0.0,0.0,0.0,0.0,0.0,0.0,1.4042636156082153,0.0,0.0,0.6761032342910767,0.0,0.0,0.0,0.0,0.0,0.0,0.0,0.0,0.0,0.0,0.46723371744155884,0.0,0.0,0.0,0.0
39,train,raw,39.jpg,27.869374886208448,0.0,2.043745279312134,0.7164128422737122,0.0,0.8900374174118042,0.0,0.0,0.9849316477775574,0.0,0.0,0.0,0.0,0.0,0.2627604603767395,0.0,0.0,0.8633766174316406,0.0,0.0,0.0,0.0,0.0,0.0,0.0,0.0,0.0,0.0,1.6661487817764282,0.0,0.0,0.0,0.0
40,train,raw,40(1).jpg,42.75060181800342,0.0,1.7044893503189087,0.0,0.0,0.0,0.0,0.0,0.0,0.0,0.4395052194595337,0.0,0.0,0.0,0.0,0.0,0.0,0.0,0.0,0.0,0.0,0.0,0.0,0.0,0.0,0.0,0.0,0.0,0.0,0.0,0.0,0.0,0.0
40,train,raw,40(2).jpg,41.56184416597023,0.0,1.623727560043335,0.0,0.0,0.0,0.0,0.0,0.0,0.0,0.37250179052352905,0.0,0.0,0.0,0.0,0.0,0.0,0.0,0.0,0.0,0.0,0.0,0.0,0.0,0.0,0.0,0.0,0.0,0.28152942657470703,0.0,0.0,0.0,0.0
40,train,raw,40(3).jpg,18.99431775565904,0.0,2.5469906330108643,0.9574940204620361,0.0,1.8742343187332153,0.0,0.0,1.1244254112243652,0.0,0.0,0.0,0.0,1.670699954032898,1.2663440704345703,0.0,0.0,1.5981221199035645,0.0,0.0,0.0,0.0,0.0,0.0,0.0,0.0,0.0,0.0,1.3719115257263184,0.0,0.0,0.0,0.0
40,train,raw,40.jpg,27.625867978337624,0.0,2.3450725078582764,1.3279939889907837,0.0,1.1819459199905396,0.0,0.0,0.785733163356781,0.0,0.0,0.0,0.0,0.0,0.0,0.0,0.0,0.4747660756111145,0.0,0.0,0.0,0.0,0.0,0.0,0.0,0.0,0.0,0.0,1.5693449974060059,0.0,0.0,0.0,0.0
44,train,raw,44(1).jpg,25.590813342516526,0.0,3.008894205093384,0.8714342713356018,0.0,1.0910534858703613,0.0,0.0,1.0821328163146973,0.0,0.0,0.0,0.0,0.07584163546562195,0.08243872225284576,0.0,0.0,1.152279019355774,0.0,0.0,0.0,0.0,0.0,0.0,0.0,0.0,0.0,0.0,1.2056021690368652,0.0,0.0,0.0,0.0
44,train,raw,44(2).jpg,42.82023101769505,0.0,0.8938637971878052,0.07512803375720978,0.0,1.4055618047714233,0.0,0.0,0.0,0.0,0.46954262256622314,0.0,0.0,0.0,0.9081047177314758,0.0,0.0,0.058548640459775925,0.830009937286377,0.0,0.0,0.0,0.0,0.0,0.0,0.0,0.22308064997196198,0.0,0.0,0.0,0.0,0.0,0.0
44,train,raw,44(3).jpg,43.78214030301871,0.0,0.7736528515815735,0.32759493589401245,0.0,0.37473976612091064,0.0,0.0,0.0,0.0,0.6533079147338867,0.0,0.0,0.0,0.0,0.0,0.0,0.0,0.0,0.0,0.0,0.0,0.0,0.0,0.0,0.0,0.26988014578819275,0.0,0.6833851337432861,0.0,0.0,0.0,0.0
44,train,raw,44.jpg,45.95863244297098,0.0,0.6427578330039978,0.2155531793832779,0.0,0.28650081157684326,0.0,0.0,0.0,0.0,0.7039916515350342,0.0,0.0,0.0,0.0,0.0,0.0,0.0,0.30507805943489075,0.0,0.0,0.0,0.0,0.0,0.0,0.0,0.1423008292913437,0.0,0.4089113473892212,0.0,0.0,0.0,0.0
45,train,raw,45(1).jpg,26.29555393069893,0.0,2.144648790359497,1.1683229207992554,0.0,1.0714057683944702,0.0,0.0,0.6659747958183289,0.0,0.0,0.0,0.0,0.8065758943557739,0.4109232425689697,0.0,0.0,0.8756858110427856,0.0,0.0,0.0,0.0,0.0,0.0,0.0,0.0,0.0,0.0,1.493849515914917,0.0,0.0,0.0,0.0
45,train,raw,45(2).jpg,29.71753040753913,0.0,1.790197730064392,1.1704509258270264,0.0,1.292883276939392,0.0,0.0,0.20572102069854736,0.0,0.0,0.0,0.0,0.421583354473114,0.7137221097946167,0.0,0.0,0.6625038385391235,0.0,0.0,0.0,0.0,0.0,0.0,0.0,0.0,0.0,0.0,1.1173175573349,0.0,0.0,0.0,0.0
45,train,raw,45(3).jpg,46.91675952009322,0.0,1.225175142288208,0.0,0.0,0.0,0.0,0.0,0.0,0.0,0.9014291763305664,0.0,0.0,0.0,0.0,0.0,0.0,0.0,0.23909518122673035,0.0,0.0,0.0,0.0,0.0,0.0,0.0,0.17540325224399567,0.0,0.0,0.0,0.0,0.0,0.0
45,train,raw,45(4).jpg,22.028809320004257,0.0,2.6385393142700195,1.405659794807434,0.0,2.2132821083068848,0.0,0.0,0.6404128670692444,0.0,0.0,0.0,0.0,0.05392172560095787,1.2332268953323364,0.0,0.0,1.3972187042236328,0.0,0.0,0.0,0.0,0.0,0.0,0.0,0.0,0.0,0.0,1.2914505004882812,0.0,0.0,0.0,0.0
45,train,raw,45.jpg,32.59832662798647,0.0,1.9847006797790527,0.941699743270874,0.0,0.6873311996459961,0.0,0.0,0.23221249878406525,0.0,0.0,0.0,0.0,0.0,0.0,0.0,0.0,0.18324704468250275,0.0,0.0,0.0,0.0,0.0,0.0,0.0,0.0,0.0,0.0,1.2236812114715576,0.0,0.0,0.0,0.0
46,train,raw,46(1).jpg,24.275700235148065,0.0,1.5553643703460693,0.9237602353096008,0.0,2.485856056213379,0.0,0.0,0.5004578828811646,0.0,0.0,0.0,0.0,0.0,2.1094882488250732,0.0,0.0,0.9658833146095276,0.0,0.0,0.0,0.0,0.0,0.0,0.0,0.0,0.0,0.0,1.3864781856536865,0.0,0.0,0.0,0.0
46,train,raw,46(3).jpg,39.82701410944162,0.0,1.1463472843170166,0.4106799364089966,0.0,0.3681638240814209,0.0,0.0,0.0,0.0,0.4974513053894043,0.0,0.0,0.0,0.0,0.0,0.0,0.0,0.0,0.0,0.0,0.0,0.0,0.0,0.0,0.0,0.0,0.0,0.9643785953521729,0.0,0.0,0.0,0.0
46,train,raw,46.jpg,27.83515474373428,0.0,2.098172187805176,0.7300947308540344,0.0,1.416325330734253,0.0,0.0,0.6490084528923035,0.0,0.0,0.0,0.0,0.13790243864059448,0.763555645942688,0.0,0.0,1.0354435443878174,0.0,0.0,0.0,0.0,0.0,0.0,0.0,0.0,0.0,0.0,1.1304559707641602,0.0,0.0,0.0,0.0
47,train,raw,47(1).jpg,43.49504099912332,0.0,1.0766345262527466,0.0,0.0,0.1144479364156723,0.0,0.0,0.0,0.0,0.2166365683078766,0.0,0.0,0.0,0.0,0.0,0.0,0.0,0.0,0.0,0.0,0.0,0.0,0.0,0.0,0.0,0.0,0.0,0.1424064189195633,0.0,0.0,0.0,0.0
47,train,raw,47(2).jpg,35.040299138005594,0.0,1.2546120882034302,0.28774935007095337,0.0,0.7843237519264221,0.0,0.0,0.17965209484100342,0.0,0.014463447034358978,0.0,0.0,0.0,0.5713820457458496,0.0,0.0,0.6427783966064453,0.19870933890342712,0.0,0.0,0.0,0.0,0.0,0.0,0.0,0.0,0.0,0.9834306240081787,0.0,0.0,0.0,0.0
47,train,raw,47(3).jpg,44.92947779639766,0.0,0.910650908946991,0.0,0.0,0.01614348776638508,0.0,0.0,0.0,0.0,0.8858529925346375,0.0,0.0,0.0,0.0,0.0,0.0,0.0,0.0,0.0,0.0,0.0,0.0,0.0,0.0,0.0,0.19348229467868805,0.0,0.6215031743049622,0.0,0.0,0.0,0.0
47,train,raw,47(4).jpg,27.860002632658052,0.0,2.051769495010376,1.3164526224136353,0.0,1.2354931831359863,0.0,0.0,0.6317800879478455,0.0,0.0,0.0,0.0,0.0,0.0,0.0,0.0,0.4392911493778229,0.0,0.0,0.0,0.0,0.0,0.0,0.0,0.0,0.0,0.0,1.7813093662261963,0.0,0.0,0.0,0.0
47,train,raw,47.jpg,31.615883025280596,0.0,2.2689812183380127,0.9686326384544373,0.0,1.0531500577926636,0.0,0.0,0.20617535710334778,0.0,0.0,0.0,0.0,0.0,0.0,0.0,0.0,0.29541459679603577,0.0,0.0,0.0,0.0,0.0,0.0,0.0,0.0,0.0,0.0,1.002507209777832,0.0,0.0,0.0,0.0
48,train,raw,48(1).jpg,25.93303193570216,0.0,1.568817377090454,1.2341970205307007,0.0,1.417237639427185,0.0,0.0,0.9475224018096924,0.0,0.0,0.0,0.0,0.2513040006160736,1.2868759632110596,0.0,0.0,1.314056634902954,0.0,0.0,0.0,0.0,0.0,0.0,0.0,0.0,0.0,0.0,1.5588691234588623,0.0,0.0,0.0,0.0
48,train,raw,48(2).jpg,29.873509154481894,0.0,2.04150652885437,1.443170189857483,0.0,0.7234461307525635,0.0,0.0,0.35832253098487854,0.0,0.0,0.0,0.0,0.0,0.0,0.0,0.0,0.02669001743197441,0.0,0.0,0.0,0.0,0.0,0.0,0.0,0.0,0.0,0.0,1.7580595016479492,0.0,0.0,0.0,0.0
48,train,raw,48(3).jpg,47.710160957293056,0.0,0.7390254139900208,0.05767740309238434,0.0,0.6061466336250305,0.0,0.0,0.0,0.0,0.8109506964683533,0.0,0.0,0.0,0.0,0.0,0.0,0.0,0.42809024453163147,0.0,0.0,0.0,0.0,0.0,0.0,0.0,0.35536596179008484,0.0,0.043870944529771805,0.0,0.0,0.0,0.0
48,train,raw,48.jpg,46.44952246414465,0.0,0.8871739506721497,0.0,0.0,0.6749668717384338,0.0,0.0,0.0,0.0,0.8538281321525574,0.0,0.0,0.0,0.0,0.0,0.0,0.0,0.0,0.0,0.0,0.0,0.0,0.0,0.0,0.0,0.6427268981933594,0.0,0.24767042696475983,0.0,0.0,0.0,0.0
49,train,raw,49(1).jpg,27.431756400545282,0.0,2.320829391479492,0.5033895373344421,0.0,0.836093008518219,0.0,0.0,1.079503059387207,0.0,0.0,0.0,0.0,0.339348167181015,0.8385757207870483,0.0,0.0,1.1609549522399902,0.0,0.0,0.0,0.0,0.0,0.0,0.0,0.0,0.0,0.0,1.0740009546279907,0.0,0.0,0.0,0.0
49,train,raw,49(2).jpg,32.71424109413567,0.0,2.0896542072296143,0.7546510100364685,0.0,1.9815834760665894,0.0,0.0,0.2178371548652649,0.0,0.0,0.0,0.0,0.0,0.033227697014808655,0.0,0.0,0.2778918445110321,0.0,0.0,0.0,0.0,0.0,0.0,0.0,0.0,0.0,0.0,0.4636586606502533,0.0,0.0,0.0,0.0
49,train,raw,49.jpg,38.799453552888735,0.0,1.6054394245147705,0.059195324778556824,0.0,0.0,0.0,0.0,0.08143490552902222,0.0,0.1191362738609314,0.0,0.0,0.0,0.0,0.0,0.0,0.03065989539027214,0.05137338861823082,0.0,0.0,0.0,0.0,0.0,0.0,0.0,0.0,0.0,0.7096166610717773,0.0,0.0,0.0,0.0
50,train,raw,50(1).jpg,37.17601150226284,0.0,1.946580171585083,0.6939957737922668,0.0,0.23128001391887665,0.0,0.0,0.0,0.0,0.15819786489009857,0.0,0.0,0.0,0.0,0.0,0.0,0.0,0.0,0.0,0.0,0.0,0.0,0.0,0.0,0.0,0.0,0.0,0.6874048709869385,0.0,0.0,0.0,0.0
50,train,raw,50(2).jpg,27.756399657662882,0.0,2.0317840576171875,0.8894559144973755,0.0,1.990914225578308,0.0,0.0,0.4627618193626404,0.0,0.0,0.0,0.0,0.0,0.8631106615066528,0.0,0.0,0.8614263534545898,0.0,0.0,0.0,0.0,0.0,0.0,0.0,0.0,0.0,0.0,1.0271047353744507,0.0,0.0,0.0,0.0
50,train,raw,50.jpg,42.89287585456589,0.0,1.0271252393722534,0.10509957373142242,0.0,0.21900470554828644,0.0,0.0,0.0,0.0,0.5159376263618469,0.0,0.0,0.0,0.0,0.0,0.0,0.0,0.0,0.0,0.0,0.0,0.0,0.0,0.0,0.0,0.10033203661441803,0.0,0.544917643070221,0.0,0.0,0.0,0.0
52,train,raw,52(1).jpg,23.94051040291413,0.0,2.014979362487793,1.3482729196548462,0.0,2.279036521911621,0.0,0.0,0.37140339612960815,0.0,0.0,0.0,0.0,1.1119433641433716,1.0978423357009888,0.0,0.0,1.1041650772094727,0.0,0.0,0.0,0.0,0.0,0.0,0.0,0.0,0.0,0.0,1.1203683614730835,0.0,0.0,0.0,0.0
52,train,raw,52.jpg,37.75612378057099,0.0,1.7739548683166504,0.13604016602039337,0.0,0.9620916247367859,0.0,0.0,0.0,0.0,0.11159326881170273,0.0,0.0,0.0,0.0,0.0,0.0,0.0,0.0,0.0,0.0,0.0,0.0,0.0,0.0,0.0,0.0,0.0,0.3432904779911041,0.0,0.0,0.0,0.0
53,train,raw,53(1).jpg,38.2628529789186,0.0,1.3002740144729614,0.5793410539627075,0.0,0.0,0.0,0.0,0.0,0.0,0.4766113758087158,0.0,0.0,0.0,0.0,0.0,0.0,0.0,0.0,0.0,0.0,0.0,0.0,0.0,0.0,0.0,0.0,0.0,1.3352553844451904,0.0,0.0,0.0,0.0
53,train,raw,53(2).jpg,20.289920643326695,0.0,2.302807092666626,1.0997146368026733,0.0,1.6961911916732788,0.0,0.0,1.519057273864746,0.0,0.0,0.0,0.0,0.0,1.4127763509750366,0.0,0.0,1.5586237907409668,0.0,0.0,0.0,0.0,0.0,0.0,0.0,0.0,0.0,0.0,1.9234750270843506,0.0,0.0,0.0,0.0
53,train,raw,53(3).jpg,29.480911479379643,0.0,1.8275448083877563,0.44182419776916504,0.0,0.9707494974136353,0.0,0.0,0.8289517164230347,0.0,0.0,0.0,0.0,0.0,0.9037246704101562,0.0,0.0,0.8680108189582825,0.0,0.0,0.0,0.0,0.0,0.0,0.0,0.0,0.0,0.0,1.2206110954284668,0.0,0.0,0.0,0.0
53,train,raw,53.jpg,33.23546475128512,0.0,2.0354182720184326,0.6192821860313416,0.0,0.7784066200256348,0.0,0.0,0.0,0.0,0.0,0.0,0.0,0.0,0.0,0.0,0.0,0.0,0.0,0.0,0.0,0.0,0.0,0.0,0.0,0.0,0.0,0.0,1.1116632223129272,0.0,0.0,0.0,0.0
55,train,raw,55(2).jpg,24.00671535646063,0.0,1.740288257598877,1.196107268333435,0.0,1.4009068012237549,0.0,0.0,1.0355274677276611,0.0,0.0,0.0,0.0,0.6352659463882446,1.2389981746673584,0.0,0.0,1.4319580793380737,0.0,0.0,0.0,0.0,0.0,0.0,0.0,0.0,0.0,0.0,1.6602107286453247,0.0,0.0,0.0,0.0
55,train,raw,55.JPEG,45.15046871924375,0.0,1.0569653511047363,0.09787733852863312,0.0,0.6295356750488281,0.0,0.0,0.0,0.0,0.670383870601654,0.0,0.0,0.0,0.0,0.0,0.0,0.0,0.0,0.0,0.0,0.0,0.0,0.0,0.0,0.0,0.1994183212518692,0.0,0.0,0.0,0.0,0.0,0.0
56,train,raw,56.jpg,38.53518055364242,0.0,1.0612173080444336,0.3205268979072571,0.0,0.9201540350914001,0.0,0.0,0.0,0.0,0.0,0.0,0.0,0.0,0.0,0.0,0.0,0.07715079188346863,0.0,0.0,0.0,0.0,0.0,0.0,0.0,0.0,0.0,0.0,0.6761634349822998,0.0,0.0,0.0,0.0
57,train,raw,57(1).jpg,34.672770824754025,0.0,1.1119860410690308,0.49628591537475586,0.0,2.205723285675049,0.0,0.0,0.0,0.0,0.0,0.0,0.0,0.0,1.2956348657608032,0.0,0.0,0.4352588653564453,0.0,0.0,0.0,0.0,0.0,0.0,0.0,0.0,0.0,0.0,0.21335281431674957,0.0,0.0,0.0,0.0
57,train,raw,57(2).jpg,21.324501376609305,0.0,2.4190237522125244,1.1484932899475098,0.0,1.6689010858535767,0.0,0.0,0.9196856617927551,0.0,0.0,0.0,0.0,1.0166256427764893,1.1237033605575562,0.0,0.0,1.1742404699325562,0.0,0.0,0.0,0.0,0.0,0.0,0.0,0.0,0.0,0.0,1.5489978790283203,0.0,0.0,0.0,0.0
57,train,raw,57.jpg,31.826213632069198,0.0,2.2323644161224365,0.7560945749282837,0.0,1.3742619752883911,0.0,0.0,0.1771373152732849,0.0,0.0,0.0,0.0,0.0,0.0,0.0,0.0,0.3635811507701874,0.0,0.0,0.0,0.0,0.0,0.0,0.0,0.0,0.0,0.0,0.8294240236282349,0.0,0.0,0.0,0.0
58,train,raw,58(1).jpg,35.1250511615475,0.0,1.337303638458252,0.24136240780353546,0.0,1.3041846752166748,0.0,0.0,0.0,0.0,0.0,0.0,0.0,1.6995841264724731,0.4272334575653076,0.0,0.0,0.11540134251117706,0.3850727081298828,0.0,0.0,0.0,0.0,0.0,0.0,0.0,0.0,0.0,0.23938407003879547,0.0,0.0,0.0,0.0
58,train,raw,58.jpg,48.2455234718491,0.0,0.9298213124275208,0.0,0.0,0.5717340111732483,0.0,0.0,0.0,0.0,0.9522019624710083,0.0,0.0,0.0,0.0,0.0,0.0,0.0,0.5472851395606995,0.0,0.0,0.0,0.0,0.0,0.0,0.0,0.47613927721977234,0.0,0.0,0.0,0.0,0.0,0.0
59,train,raw,59(1).jpg,34.200465214941346,0.0,1.4256579875946045,0.6807406544685364,0.0,1.674310564994812,0.0,0.0,0.0,0.0,0.0,0.0,0.0,0.0,0.5448657274246216,0.0,0.0,0.5443757772445679,0.0,0.0,0.0,0.0,0.0,0.0,0.0,0.0,0.0,0.0,0.5931316614151001,0.0,0.0,0.0,0.0
59,train,raw,59(2).jpg,31.116399768700603,0.0,1.6675012111663818,0.28113847970962524,0.0,1.347798466682434,0.0,0.0,0.0,0.0,0.0,0.0,0.0,0.0,0.7263748645782471,0.0,0.0,0.6895931959152222,0.0,0.0,0.0,0.0,0.0,0.0,0.0,0.0,0.0,0.0,1.1265945434570312,0.0,0.0,0.0,0.0
59,train,raw,59.jpg,40.698514368942995,0.0,1.5465970039367676,0.20167912542819977,0.0,0.4999207854270935,0.0,0.0,0.0,0.0,0.3765281140804291,0.0,0.0,0.0,0.0,0.0,0.0,0.0,0.0,0.0,0.0,0.0,0.0,0.0,0.0,0.0,0.0,0.0,0.29383382201194763,0.0,0.0,0.0,0.0
59,train,raw,59_LUBAN 2.jpg,39.133204669519955,0.0,1.4844743013381958,0.5877965092658997,0.0,0.8776887655258179,0.0,0.0,0.0,0.0,0.10869442671537399,0.0,0.0,0.0,0.0,0.0,0.0,0.0,0.0,0.0,0.0,0.0,0.0,0.0,0.0,0.0,0.0,0.0,0.3006366193294525,0.0,0.0,0.0,0.0
59,train,raw,59_LUBAN.jpg,39.17299167994378,0.0,1.4711759090423584,0.5877090096473694,0.0,0.8899049758911133,0.0,0.0,0.0,0.0,0.10257857292890549,0.0,0.0,0.0,0.0,0.0,0.0,0.0,0.0,0.0,0.0,0.0,0.0,0.0,0.0,0.0,0.0,0.0,0.292653352022171,0.0,0.0,0.0,0.0
60,train,raw,60(1).jpg,32.85192343036465,0.0,1.0435116291046143,0.512262761592865,0.0,1.5991616249084473,0.0,0.0,0.010920822620391846,0.0,0.0,0.0,0.0,0.0,1.1910604238510132,0.0,0.0,0.685413122177124,0.0,0.0,0.0,0.0,0.0,0.0,0.0,0.0,0.0,0.0,0.9346546530723572,0.0,0.0,0.0,0.0
60,train,raw,60(2).jpg,25.748584475007306,0.0,1.9826576709747314,1.0394750833511353,0.0,1.3014237880706787,0.0,0.0,0.7221209406852722,0.0,0.0,0.0,0.0,0.0,0.9707858562469482,0.0,0.0,0.8513112664222717,0.0,0.0,0.0,0.0,0.0,0.0,0.0,0.0,0.0,0.0,1.7348583936691284,0.0,0.0,0.0,0.0
60,train,raw,60.jpg,43.800372332067695,0.0,0.9256742596626282,0.2596568465232849,0.0,0.9626325368881226,0.0,0.0,0.0,0.0,0.31947797536849976,0.0,0.0,0.0,0.0,0.0,0.0,0.0,0.0,0.0,0.0,0.0,0.0,0.0,0.0,0.0,0.2212613970041275,0.0,0.0,0.0,0.0,0.0,0.0
61,train,raw,61(1).jpg,38.82601828620716,0.0,2.168419599533081,0.0,0.0,0.40836215019226074,0.0,0.0,0.2078534960746765,0.0,0.13105346262454987,0.0,0.0,0.0,0.0,0.0,0.0,0.015117418020963669,0.0,0.0,0.0,0.0,0.0,0.0,0.0,0.0,0.0,0.0,0.010442245751619339,0.0,0.0,0.0,0.0
61,train,raw,61(2).jpg,40.12865680220409,0.0,1.7658591270446777,0.0,0.0,0.7329633235931396,0.0,0.0,0.0,0.0,0.21378831565380096,0.0,0.0,0.0,0.0,0.0,0.0,0.0,0.0,0.0,0.0,0.0,0.0,0.0,0.0,0.0,0.0,0.0,0.01442762091755867,0.0,0.0,0.0,0.0
61,train,raw,61.jpg,44.44318977662385,0.0,1.575211763381958,0.0,0.0,0.0,0.0,0.0,0.0,0.0,0.7998231053352356,0.0,0.0,0.0,0.0,0.0,0.0,0.0,0.0,0.0,0.0,0.0,0.0,0.0,0.0,0.0,0.004089014604687691,0.0,0.0,0.0,0.0,0.0,0.0
62,train,raw,62.jpg,52.02123298801875,0.0,1.0216549634933472,0.0,0.0,0.0,0.0,0.0,0.0,0.0,1.5515320301055908,0.0,0.0,0.0,0.0,0.0,0.0,0.0,0.5316542387008667,0.0,0.0,0.0,0.0,0.0,0.0,0.0,0.8059918880462646,0.0,0.0,0.0,0.0,0.0,0.0
63,train,raw,63(1).jpg,33.344053442402355,0.0,1.2858359813690186,0.1061425656080246,0.0,1.0883797407150269,0.0,0.0,0.3544701337814331,0.0,0.25556227564811707,0.0,0.0,0.0,1.2188611030578613,0.0,0.0,0.6015599966049194,0.0,0.0,0.0,0.0,0.0,0.0,0.0,0.0,0.0,0.0,1.0060889720916748,0.0,0.0,0.0,0.0
63,train,raw,63(2).jpg,23.026596361065117,0.0,1.8728046417236328,0.9492809176445007,0.0,1.5180268287658691,0.0,0.0,1.2908315658569336,0.0,0.0,0.0,0.0,0.20963206887245178,1.6701724529266357,0.0,0.0,1.500439167022705,0.0,0.0,0.0,0.0,0.0,0.0,0.0,0.0,0.0,0.0,1.6369867324829102,0.0,0.0,0.0,0.0
63,train,raw,63.jpg,37.29995908333461,0.0,0.9334105253219604,0.0,0.0,1.8203974962234497,0.0,0.0,0.0,0.0,0.0,0.0,0.0,0.0,1.5134170055389404,0.0,0.0,0.48724275827407837,0.40148136019706726,0.0,0.0,0.0,0.0,0.0,0.0,0.0,0.0,0.0,0.0,0.0,0.0,0.0,0.0
64,train,raw,64(1).jpg,35.848409210345494,0.0,1.7357733249664307,0.256342351436615,0.0,1.042962670326233,0.0,0.0,0.13931208848953247,0.0,0.01228737086057663,0.0,0.0,0.0,0.0,0.0,0.0,0.21341682970523834,0.0,0.0,0.0,0.0,0.0,0.0,0.0,0.0,0.0,0.0,0.5913499593734741,0.0,0.0,0.0,0.0
64,train,raw,64(2).jpg,42.10245099633528,0.0,0.7109357118606567,0.5917530655860901,0.0,0.20669089257717133,0.0,0.0,0.0,0.0,0.6162036657333374,0.0,0.0,0.0,0.0,0.0,0.0,0.0,0.09103431552648544,0.0,0.0,0.0,0.0,0.0,0.0,0.0,0.006731973960995674,0.0,1.013710379600525,0.0,0.0,0.0,0.0
64,train,raw,64.jpg,30.361244044869295,0.0,1.2101311683654785,0.8899015784263611,0.0,1.9087144136428833,0.0,0.0,0.17284893989562988,0.0,0.0,0.0,0.0,0.0,1.2818022966384888,0.0,0.0,0.871747612953186,0.0,0.0,0.0,0.0,0.0,0.0,0.0,0.0,0.0,0.0,1.057708740234375,0.0,0.0,0.0,0.0
65,train,raw,65(2).jpg,36.43070273945705,0.0,1.9728119373321533,0.29612356424331665,0.0,0.09723947942256927,0.0,0.0,0.25328153371810913,0.0,0.046697311103343964,0.0,0.0,0.0,0.0,0.0,0.0,0.0,0.0,0.0,0.0,0.0,0.0,0.0,0.0,0.0,0.0,0.0,0.7729924917221069,0.0,0.0,0.0,0.0
65,train,raw,65(3).jpg,26.91221525090259,0.0,1.8668837547302246,0.9749060869216919,0.0,1.451701283454895,0.0,0.0,0.8890832662582397,0.0,0.0,0.0,0.0,0.0,0.4462991952896118,0.0,0.0,0.8355790376663208,0.0,0.0,0.0,0.0,0.0,0.0,0.0,0.0,0.0,0.0,1.6979656219482422,0.0,0.0,0.0,0.0
65,train,raw,65.jpg,27.72622440058251,0.0,2.4408793449401855,1.1310755014419556,0.0,1.6675833463668823,0.0,0.0,0.6214749217033386,0.0,0.0,0.0,0.0,0.0,0.0,0.0,0.0,0.5268493890762329,0.0,0.0,0.0,0.0,0.0,0.0,0.0,0.0,0.0,0.0,1.2649726867675781,0.0,0.0,0.0,0.0
74,train,raw,74(1).jpg,25.04488429452806,0.0,2.674584150314331,0.685626208782196,0.0,1.4081963300704956,0.0,0.0,1.244323492050171,0.0,0.0,0.0,0.0,0.0,0.7672459483146667,0.0,0.0,1.182199239730835,0.0,0.0,0.0,0.0,0.0,0.0,0.0,0.0,0.0,0.0,1.1560561656951904,0.0,0.0,0.0,0.0
74,train,raw,74(2).jpg,21.486053000457105,0.0,2.2608420848846436,1.2370426654815674,0.0,2.044999122619629,0.0,0.0,0.9798594117164612,0.0,0.0,0.0,0.0,0.0,1.3543065786361694,0.0,0.0,1.3173243999481201,0.0,0.0,0.0,0.0,0.0,0.0,0.0,0.0,0.0,0.0,1.732618808746338,0.0,0.0,0.0,0.0
74,train,raw,74.jpg,42.34744469145187,0.0,1.422716736793518,0.28398585319519043,0.0,0.9128149747848511,0.0,0.0,0.0,0.0,0.6051856279373169,0.0,0.0,0.0,0.0,0.0,0.0,0.0,0.0,0.0,0.0,0.0,0.0,0.0,0.0,0.0,0.0,0.0,0.0,0.0,0.0,0.0,0.0
85,train,raw,85(1).jpg,43.81985765752478,0.0,1.4416708946228027,0.025398805737495422,0.0,0.4874659776687622,0.0,0.0,0.0,0.0,0.7774890065193176,0.0,0.0,0.0,0.0,0.0,0.0,0.0,0.0,0.0,0.0,0.0,0.0,0.0,0.0,0.0,0.00408359058201313,0.0,0.0,0.0,0.0,0.0,0.0
85,train,raw,85(2).jpg,46.14988547484623,0.0,1.3075602054595947,0.0,0.0,0.020914273336529732,0.0,0.0,0.0,0.0,0.8262147307395935,0.0,0.0,0.0,0.0,0.0,0.0,0.0,0.042588021606206894,0.0,0.0,0.0,0.0,0.0,0.0,0.0,0.21483559906482697,0.0,0.0,0.0,0.0,0.0,0.0
85,train,raw,85.jpg,26.53180888784675,0.0,2.54011607170105,0.8293108940124512,0.0,1.7353805303573608,0.0,0.0,0.44758036732673645,0.0,0.0,0.0,0.0,0.0,0.5704270005226135,0.0,0.0,0.874274492263794,0.0,0.0,0.0,0.0,0.0,0.0,0.0,0.0,0.0,0.0,1.1225602626800537,0.0,0.0,0.0,0.0
86,train,raw,86(1).jpg,43.001613911145455,0.0,1.0767539739608765,0.0,0.0,0.0021365154534578323,0.0,0.0,0.0,0.0,0.5128361582756042,0.0,0.0,0.0,0.0,0.0,0.0,0.0,0.23378446698188782,0.0,0.0,0.0,0.0,0.0,0.0,0.0,0.0,0.0,0.5938265323638916,0.0,0.0,0.0,0.0
86,train,raw,86(2).jpg,27.343546652392547,0.0,2.2890384197235107,1.0619988441467285,0.0,2.0991294384002686,0.0,0.0,0.33090120553970337,0.0,0.0,0.0,0.0,0.0,0.27123332023620605,0.0,0.0,0.5779002904891968,0.0,0.0,0.0,0.0,0.0,0.0,0.0,0.0,0.0,0.0,1.2068088054656982,0.0,0.0,0.0,0.0
86,train,raw,86.jpg,40.61441474627105,0.0,1.6301910877227783,0.19013018906116486,0.0,0.42855459451675415,0.0,0.0,0.0,0.0,0.34464511275291443,0.0,0.0,0.0,0.0,0.0,0.0,0.0,0.0,0.0,0.0,0.0,0.0,0.0,0.0,0.0,0.0,0.0,0.2536563575267792,0.0,0.0,0.0,0.0
87,train,raw,87.jpg,32.6912868845792,0.0,1.0289454460144043,0.5119757652282715,0.0,2.101900815963745,0.0,0.0,0.0,0.0,0.0,0.0,0.0,0.0,1.4139156341552734,0.0,0.0,0.4447900652885437,0.0,0.0,0.0,0.0,0.0,0.0,0.0,0.0,0.0,0.0,0.7167431116104126,0.0,0.0,0.0,0.0
94,train,raw,94.jpg,29.83744855481666,0.0,2.2323365211486816,0.8157246708869934,0.0,1.3991435766220093,0.0,0.0,0.4265393614768982,0.0,0.0,0.0,0.0,0.0,0.4557012915611267,0.0,0.0,0.7340850830078125,0.0,0.0,0.0,0.0,0.0,0.0,0.0,0.0,0.0,0.0,0.9019442200660706,0.0,0.0,0.0,0.0
102,train,raw,102.jpg,24.83299650987351,0.0,2.9994003772735596,0.9577260613441467,0.0,1.4983752965927124,0.0,0.0,0.788598358631134,0.0,0.0,0.0,0.0,0.0,0.24427051842212677,0.0,0.0,0.9181348085403442,0.0,0.0,0.0,0.0,0.0,0.0,0.0,0.0,0.0,0.0,1.2753504514694214,0.0,0.0,0.0,0.0
106,train,raw,106.jpg,30.78821466159684,0.0,1.9959863424301147,0.7446824908256531,0.0,1.1346200704574585,0.0,0.0,0.35554900765419006,0.0,0.0,0.0,0.0,0.5860820412635803,0.0,0.0,0.0,0.26477697491645813,0.0,0.0,0.0,0.0,0.0,0.0,0.0,0.0,0.0,0.0,1.1166971921920776,0.0,0.0,0.0,0.0
27,val,raw,27.jpg,42.11140433985338,0.0,1.1843342781066895,0.0,0.0,0.5845794677734375,0.0,0.0,0.0,0.0,0.18388496339321136,0.0,0.0,0.0,0.12279786169528961,0.0,0.0,0.2220684289932251,0.01294180378317833,0.0,0.0,0.0,0.0,0.0,0.0,0.0,0.0,0.0,0.0,0.0,0.0,0.0,0.0
31,val,raw,31.jpg,50.4326930963028,0.0,0.913529098033905,0.0,0.0,0.332530677318573,0.0,0.0,0.0,0.0,1.189818024635315,0.0,0.0,0.0,0.02088262140750885,0.0,0.0,0.0,0.7997287511825562,0.0,0.0,0.0,0.0,0.0,0.0,0.0,0.6585547924041748,0.0,0.0,0.0,0.0,0.0,0.0
41,val,raw,41.jpg,28.73709894646379,0.0,2.2758543491363525,1.3880566358566284,0.0,0.7815486192703247,0.0,0.0,0.7464069724082947,0.0,0.0,0.0,0.0,0.0,0.0,0.0,0.0,0.24240608513355255,0.0,0.0,0.0,0.0,0.0,0.0,0.0,0.0,0.0,0.0,1.6430270671844482,0.0,0.0,0.0,0.0
42,val,raw,42(3).jpg,46.98887149138507,0.0,0.9334481358528137,0.29059410095214844,0.0,0.427486777305603,0.0,0.0,0.0,0.0,0.7197632789611816,0.0,0.0,0.0,0.0,0.0,0.0,0.0,0.0,0.0,0.0,0.0,0.0,0.0,0.0,0.0,0.4860886335372925,0.0,0.0,0.0,0.0,0.0,0.0
42,val,raw,42.jpg,23.071172508927816,0.0,3.0860283374786377,0.8832640051841736,0.0,1.235827088356018,0.0,0.0,1.2776398658752441,0.0,0.0,0.0,0.0,0.0,0.0,0.0,0.0,0.9873926639556885,0.0,0.0,0.0,0.0,0.0,0.0,0.0,0.0,0.0,0.0,1.6992921829223633,0.0,0.0,0.0,0.0
51,val,raw,51(1).jpg,46.74612900848096,0.0,0.29878875613212585,0.0,0.0,2.0546722412109375,0.0,0.0,0.0,0.0,0.9211187958717346,0.0,0.0,0.0,1.4231849908828735,0.0,0.0,0.0,1.1342731714248657,0.0,0.0,0.0,0.0,0.0,0.0,0.0,0.9571169018745422,0.0,0.0,0.0,0.0,0.0,0.0
51,val,raw,51.jpg,32.293294884388956,0.0,2.577073574066162,0.5550965666770935,0.0,0.16526342928409576,0.0,0.0,0.7041029334068298,0.0,0.0,0.0,0.0,0.0,0.0,0.0,0.0,0.4722360372543335,0.0,0.0,0.0,0.0,0.0,0.0,0.0,0.0,0.0,0.0,0.8761376142501831,0.0,0.0,0.0,0.0
54,val,raw,54 2.jpg,40.360228207843306,0.0,1.5685844421386719,0.0,0.0,0.4226377308368683,0.0,0.0,0.2901797890663147,0.0,0.4015812277793884,0.0,0.0,0.0,0.0,0.0,0.0,0.34153687953948975,0.001070763566531241,0.0,0.0,0.0,0.0,0.0,0.0,0.0,0.0,0.0,0.2551058828830719,0.0,0.0,0.0,0.0
54,val,raw,54.jpg,40.09316877014447,0.0,1.5709397792816162,0.0,0.0,0.45931175351142883,0.0,0.0,0.29493337869644165,0.0,0.3680359423160553,0.0,0.0,0.0,0.0,0.0,0.0,0.3385316729545593,0.0,0.0,0.0,0.0,0.0,0.0,0.0,0.0,0.0,0.0,0.26966312527656555,0.0,0.0,0.0,0.0
67,val,raw,67 2.jpg,53.733327732651205,0.0,0.8311682939529419,0.0,0.0,0.2198898047208786,0.0,0.0,0.0,0.0,1.7668838500976562,0.0,0.0,0.0,0.0,0.0,0.0,0.0,0.6826416254043579,0.0,0.0,0.0,0.0,0.0,0.0,0.0,0.9987454414367676,0.0,0.0,0.0,0.0,0.0,0.0
67,val,raw,67(1).jpg,38.79275185079422,0.0,0.844083309173584,0.07379467785358429,0.0,1.3059132099151611,0.0,0.0,0.0,0.0,0.0,0.0,0.0,0.0,0.3533239960670471,0.0,0.0,0.0,0.142568439245224,0.0,0.0,0.0,0.0,0.0,0.0,0.0,0.0,0.0,0.5404806733131409,0.0,0.0,0.0,0.0
67,val,raw,67.jpg,53.75619824604344,0.0,0.8312957882881165,0.0,0.0,0.2178116887807846,0.0,0.0,0.0,0.0,1.7699960470199585,0.0,0.0,0.0,0.0,0.0,0.0,0.0,0.6827682852745056,0.0,0.0,0.0,0.0,0.0,0.0,0.0,1.0017257928848267,0.0,0.0,0.0,0.0,0.0,0.0
70,val,raw,70.jpg,37.64186606926262,0.0,1.7323837280273438,0.9349639415740967,0.0,1.000178575515747,0.0,0.0,0.0,0.0,0.3341405689716339,0.0,0.0,0.0,0.0,0.0,0.0,0.0,0.0,0.0,0.0,0.0,0.0,0.0,0.0,0.0,0.0,0.0,0.5163743495941162,0.0,0.0,0.0,0.0
73,val,raw,73.jpg,21.072884095818154,0.0,2.8517420291900635,1.020883321762085,0.0,1.6212539672851562,0.0,0.0,1.398561716079712,0.0,0.0,0.0,0.0,0.0,0.6911300420761108,0.0,0.0,1.2758126258850098,0.0,0.0,0.0,0.0,0.0,0.0,0.0,0.0,0.0,0.0,1.7449170351028442,0.0,0.0,0.0,0.0
75,val,raw,75.jpg,21.451654306165892,0.0,2.2053956985473633,1.0402685403823853,0.0,1.6883007287979126,0.0,0.0,1.2459518909454346,0.0,0.0,0.0,0.0,0.13697081804275513,1.447145700454712,0.0,0.0,1.5538091659545898,0.0,0.0,0.0,0.0,0.0,0.0,0.0,0.0,0.0,0.0,1.7435078620910645,0.0,0.0,0.0,0.0
77,val,raw,77(1).jpg,25.164105402981363,0.0,2.363398790359497,1.0041600465774536,0.0,1.7213890552520752,0.0,0.0,0.7610451579093933,0.0,0.0,0.0,0.0,0.11241379380226135,0.8193632960319519,0.0,0.0,0.9495705962181091,0.0,0.0,0.0,0.0,0.0,0.0,0.0,0.0,0.0,0.0,1.3296207189559937,0.0,0.0,0.0,0.0
77,val,raw,77.jpg,19.82758818260254,0.0,2.886413812637329,0.8859410285949707,0.0,1.4965063333511353,0.0,0.0,1.1920568943023682,0.0,0.0,0.0,0.0,1.7484095096588135,1.0236921310424805,0.0,0.0,1.4617944955825806,0.0,0.0,0.0,0.0,0.0,0.0,0.0,0.0,0.0,0.0,1.181566834449768,0.0,0.0,0.0,0.0
84,val,raw,84 2.jpg,41.5460955523381,0.0,1.2557930946350098,0.5357658267021179,0.0,0.9888465404510498,0.0,0.0,0.0,0.0,0.3422884941101074,0.0,0.0,0.0,0.0,0.0,0.0,0.0,0.0,0.0,0.0,0.0,0.0,0.0,0.0,0.0,0.0,0.0,0.07806970179080963,0.0,0.0,0.0,0.0
84,val,raw,84.jpg,41.21058724546896,0.0,1.2873144149780273,0.5349993109703064,0.0,1.0359264612197876,0.0,0.0,0.0,0.0,0.31765681505203247,0.0,0.0,0.0,0.0,0.0,0.0,0.0,0.0,0.0,0.0,0.0,0.0,0.0,0.0,0.0,0.0,0.0,0.08552481234073639,0.0,0.0,0.0,0.0
99,val,raw,99.jpg,33.688584624987584,0.0,1.6617891788482666,0.4705389738082886,0.0,1.187382698059082,0.0,0.0,0.3582947254180908,0.0,0.0,0.0,0.0,0.0,0.4736841320991516,0.0,0.0,0.5254241824150085,0.0,0.0,0.0,0.0,0.0,0.0,0.0,0.0,0.0,0.0,0.7067050337791443,0.0,0.0,0.0,0.0
101,val,raw,101.jpg,26.232511404527372,0.0,2.6091206073760986,0.8021978139877319,0.0,1.7018617391586304,0.0,0.0,0.5798227787017822,0.0,0.0,0.0,0.0,0.0,0.6204066276550293,0.0,0.0,0.840587854385376,0.0,0.0,0.0,0.0,0.0,0.0,0.0,0.0,0.0,0.0,1.1071425676345825,0.0,0.0,0.0,0.0
118,val,raw,118.jpg,17.54047332013647,0.0,2.37130069732666,1.5622841119766235,0.0,2.337156295776367,0.0,0.0,1.143916368484497,0.0,0.0,0.0,0.0,0.7821364998817444,1.4988571405410767,0.0,0.0,1.2951650619506836,0.0,0.0,0.0,0.0,0.0,0.0,0.0,0.0,0.0,0.0,1.9450327157974243,0.0,0.0,0.0,0.0
28,test,infrared,28.jpg,37.999928560944284,0.0,1.1155402660369873,0.2621217370033264,0.0,0.6907451152801514,0.0,0.0,0.0,0.0,0.0,0.0,0.0,0.0,0.36410731077194214,0.0,0.0,0.21490350365638733,0.0,0.0,0.0,0.0,0.0,0.0,0.0,0.0,0.0,0.0,0.666201114654541,0.0,0.0,0.0,0.0
34,test,infrared,34(1).jpg,18.634034525752895,0.0,1.87921142578125,1.385306477546692,0.0,2.1571178436279297,0.0,0.0,1.1762089729309082,0.0,0.0,0.0,0.0,0.359736829996109,2.064955711364746,0.0,0.0,1.5949488878250122,0.0,0.0,0.0,0.0,0.0,0.0,0.0,0.0,0.0,0.0,2.049013137817383,0.0,0.0,0.0,0.0
34,test,infrared,34.jpg,35.60979015846624,0.0,1.655604362487793,0.8657212853431702,0.0,0.9168891906738281,0.0,0.0,0.023331880569458008,0.0,0.028118662536144257,0.0,0.0,0.0,0.14673031866550446,0.0,0.0,0.41068795323371887,0.0,0.0,0.0,0.0,0.0,0.0,0.0,0.0,0.0,0.0,0.666008710861206,0.0,0.0,0.0,0.0
37,test,infrared,37.jpg,48.97621620180936,0.0,0.46595075726509094,0.0,0.0,0.0,0.0,0.0,0.0,0.0,0.8519828915596008,0.0,0.0,0.0,0.0,0.0,0.0,0.0,0.2708694040775299,0.0,0.0,0.0,0.0,0.0,0.0,0.0,0.4439273476600647,0.0,0.32006314396858215,0.0,0.0,0.0,0.0
43,test,infrared,43(2).jpg,31.66965802540983,0.0,1.8326780796051025,0.9929205775260925,0.0,1.0346193313598633,0.0,0.0,0.5817269086837769,0.0,0.0,0.0,0.0,0.0,0.2030293494462967,0.0,0.0,0.6507329344749451,0.0,0.0,0.0,0.0,0.0,0.0,0.0,0.0,0.0,0.0,1.094862937927246,0.0,0.0,0.0,0.0
43,test,infrared,43.jpg,35.246826934460046,0.0,0.9131326675415039,0.6777356266975403,0.0,0.9647471904754639,0.0,0.0,0.22391735017299652,0.0,0.19087742269039154,0.0,0.0,0.0,1.1026657819747925,0.0,0.0,0.3966521918773651,0.0,0.0,0.0,0.0,0.0,0.0,0.0,0.0,0.07600465416908264,0.0,1.0683032274246216,0.0,0.0,0.0,0.0
68,test,infrared,68.jpg,54.65714174309642,0.0,0.27871596813201904,0.0,0.0,0.0,0.0,0.0,0.0,0.0,1.260237693786621,0.0,0.0,0.0,0.0,0.0,0.0,0.0,0.6690338253974915,0.0,0.0,0.0,0.0,0.0,0.0,0.0,1.019777774810791,0.0,0.0,0.0,0.0,0.0,0.0
69,test,infrared,69(1).jpg,38.21636254955587,0.0,0.7899953126907349,0.46636152267456055,0.0,0.5749355554580688,0.0,0.0,0.6140543222427368,0.0,0.6593945026397705,0.0,0.0,0.0,1.2805246114730835,0.0,0.0,0.8651344776153564,0.24570360779762268,0.0,0.0,0.0,0.0,0.0,0.0,0.0,0.3033129870891571,0.0,1.2330992221832275,0.0,0.0,0.22047197818756104,0.0
69,test,infrared,69.jpg,43.64408541155609,0.0,1.0386021137237549,0.0,0.0,0.45736944675445557,0.0,0.0,0.0,0.0,0.2578098773956299,0.0,0.0,0.0,0.0,0.0,0.0,0.0,0.08999522775411606,0.0,0.0,0.0,0.0,0.0,0.0,0.0,0.0,0.0,0.035664308816194534,0.0,0.0,0.0,0.0
81,test,infrared,81(1).jpg,43.37941324598802,0.0,0.9065600633621216,0.31034427881240845,0.0,0.66075199842453,0.0,0.0,0.4067453145980835,0.0,0.7530152797698975,0.0,0.0,0.0,0.9972798824310303,0.0,0.0,0.6162025928497314,0.3292122781276703,0.0,0.0,0.0,0.0,0.13777494430541992,0.0,0.0,0.37507322430610657,0.0,0.7389452457427979,0.0,0.0,0.3966372013092041,0.11247022449970245
81,test,infrared,81.jpg,47.14054696785264,0.0,0.7219616770744324,0.2380072921514511,0.0,0.024005191400647163,0.0,0.0,0.0,0.0,0.7547104954719543,0.0,0.0,0.0,0.0,0.0,0.0,0.0,0.06292306631803513,0.0,0.0,0.0,0.0,0.0,0.0,0.0,0.29402437806129456,0.0,0.26268142461776733,0.0,0.0,0.0,0.0
82,test,infrared,82(1).jpg,46.34221668500132,0.0,0.7571983933448792,0.513113796710968,0.0,0.5068288445472717,0.0,0.0,0.0,0.0,0.6832717061042786,0.0,0.0,0.0,0.12947805225849152,0.0,0.0,0.19426080584526062,0.37007397413253784,0.0,0.0,0.0,0.0,0.009371964260935783,0.0,0.0,0.6228228211402893,0.0,0.7155874371528625,0.0,0.0,0.32051050662994385,0.07080258429050446
82,test,infrared,82.jpg,53.03519141564392,0.0,0.13811780512332916,0.0,0.0,0.17787964642047882,0.0,0.0,0.0,0.0,0.9271520376205444,0.0,0.0,0.0,0.0,0.0,0.0,0.0,0.6105231642723083,0.0,0.0,0.0,0.0,0.0,0.0,0.0,0.8117354512214661,0.0,0.0,0.0,0.0,0.0,0.0
83,test,infrared,83(1).jpg,58.38267605262132,0.0,0.0,0.0,0.0,0.0,0.0,0.0,0.0,0.0,1.5033679008483887,0.0,0.0,0.0,0.0,0.0,0.0,0.0,1.154170274734497,0.0,0.0,0.0,0.0,0.0,0.0,0.0,1.4434517621994019,0.0,0.0,0.0,0.0,0.0,0.0
98,test,infrared,98.jpg,29.145234063337625,0.0,1.2879894971847534,0.6283745765686035,0.0,0.8539033532142639,0.0,0.0,0.8811855912208557,0.0,0.1964731216430664,0.0,0.0,0.0,1.879159688949585,0.0,0.0,1.265113115310669,0.0,0.0,0.0,0.0,0.0,0.0,0.0,0.0,0.0,0.0,1.3975355625152588,0.0,0.0,0.0,0.0
111,test,infrared,111.jpg,51.866131548561654,0.0,0.5753166079521179,0.0,0.0,0.0,0.0,0.0,0.0,0.0,1.045393705368042,0.0,0.0,0.0,0.0,0.0,0.0,0.0,0.4318298101425171,0.0,0.0,0.0,0.0,0.0,0.0,0.0,0.8447281122207642,0.0,0.030229050666093826,0.0,0.0,0.0,0.0
112,test,infrared,112.jpg,34.85792390849508,0.0,1.2159470319747925,0.3909059166908264,0.0,0.715875506401062,0.0,0.0,0.8509008288383484,0.0,0.43612632155418396,0.0,0.0,0.0,1.4595036506652832,0.0,0.0,0.8002911806106567,0.0,0.0,0.0,0.0,0.0,0.0,0.0,0.0,0.3343559503555298,0.0,1.2320582866668701,0.0,0.0,0.22581657767295837,0.0
115,test,infrared,115.jpg,41.3116965039809,0.0,1.014103889465332,0.30991053581237793,0.0,0.5595687627792358,0.0,0.0,0.1496366709470749,0.0,0.5209944844245911,0.0,0.0,0.0,0.08755259215831757,0.0,0.0,0.14503270387649536,0.0,0.0,0.0,0.0,0.0,0.0,0.0,0.0,0.5176418423652649,0.0,0.8886228799819946,0.0,0.0,0.0,0.0
119,test,infrared,119.jpg,49.59186211585636,0.0,0.9113601446151733,0.5975232720375061,0.0,0.3769698143005371,0.0,0.0,0.4465614855289459,0.0,0.9650273323059082,0.0,0.0,0.0,0.424554705619812,0.0,0.0,0.3177955746650696,0.22229744493961334,0.0,0.0,0.0,0.0,0.37387609481811523,0.0,0.0,0.8399115204811096,0.0,1.0129185914993286,0.0,0.0,0.8263654708862305,0.17276710271835327
128,test,infrared,128.jpg,33.05201306033916,0.0,1.5636754035949707,0.6795241236686707,0.0,1.232262372970581,0.0,0.0,0.2420642375946045,0.0,0.0,0.0,0.0,0.0,0.4970095753669739,0.0,0.0,0.5187784433364868,0.0,0.0,0.0,0.0,0.0,0.0,0.0,0.0,0.0,0.0,0.9172056317329407,0.0,0.0,0.0,0.0
25,train,infrared,25.jpg,51.804793419662886,0.0,0.33708634972572327,0.0,0.0,0.0,0.0,0.0,0.0,0.0,0.8596182465553284,0.0,0.0,0.0,0.0,0.0,0.0,0.0,0.599946141242981,0.0,0.0,0.0,0.0,0.0,0.0,0.0,0.5905877351760864,0.0,0.0,0.0,0.0,0.0,0.0
30,train,infrared,30(1).jpg,49.76987999429325,0.0,0.2875540554523468,0.20404477417469025,0.0,0.0,0.0,0.0,0.0,0.0,1.2034046649932861,0.0,0.0,0.0,0.0,0.0,0.0,0.0,0.49788418412208557,0.0,0.0,0.0,0.0,0.0,0.0,0.0,0.7017207145690918,0.0,0.7734529972076416,0.0,0.0,0.0,0.0
30,train,infrared,30.jpg,40.855659711651924,0.0,0.8752657175064087,0.32566922903060913,0.0,0.7825027704238892,0.0,0.0,0.0,0.0,0.14453892409801483,0.0,0.0,0.0,0.1932363063097,0.0,0.0,0.0009032897651195526,0.0,0.0,0.0,0.0,0.0,0.0,0.0,0.0,0.0,0.0,0.42768487334251404,0.0,0.0,0.0,0.0
32,train,infrared,32(1).jpg,19.742477338582148,0.0,2.0434367656707764,1.4077397584915161,0.0,2.169264316558838,0.0,0.0,1.015146255493164,0.0,0.0,0.0,0.0,0.05639940872788429,2.0230181217193604,0.0,0.0,1.568609356880188,0.0,0.0,0.0,0.0,0.0,0.0,0.0,0.0,0.0,0.0,1.846177101135254,0.0,0.0,0.0,0.0
32,train,infrared,32.jpg,48.089011000905145,0.0,0.7423101663589478,0.0,0.0,0.027015971019864082,0.0,0.0,0.0,0.0,0.7209771275520325,0.0,0.0,0.0,0.0,0.0,0.0,0.0,0.23594248294830322,0.0,0.0,0.0,0.0,0.0,0.0,0.0,0.17819805443286896,0.0,0.0,0.0,0.0,0.0,0.0
33,train,infrared,33(1).jpg,61.04847013268221,0.0,0.0,0.0,0.0,0.0,0.0,0.0,0.0,0.0,1.934759259223938,0.0,0.0,0.0,0.0,0.0,0.0,0.0,1.2647650241851807,0.0,0.0,0.0,0.0,0.0,0.0,0.0,1.7012859582901,0.0,0.0,0.0,0.0,0.06795042008161545,0.0
33,train,infrared,33(2).jpg,33.29805746422528,0.0,1.1812046766281128,0.892487645149231,0.0,0.5487073659896851,0.0,0.0,0.3893255889415741,0.0,0.016960017383098602,0.0,0.0,0.0,0.238270565867424,0.0,0.0,0.40602657198905945,0.0,0.0,0.0,0.0,0.0,0.0,0.0,0.0,0.0,0.0,1.6223129034042358,0.0,0.0,0.0,0.0
33,train,infrared,33.jpg,28.030600309621263,0.0,1.6224002838134766,0.995413601398468,0.0,1.728572964668274,0.0,0.0,0.3413887917995453,0.0,0.0,0.0,0.0,0.4654790163040161,1.357750654220581,0.0,0.0,1.1359896659851074,0.0,0.0,0.0,0.0,0.0,0.0,0.0,0.0,0.0,0.0,0.9741373062133789,0.0,0.0,0.0,0.0
35,train,infrared,35(1).jpg,48.29074236333204,0.0,0.7341113090515137,0.0,0.0,0.0,0.0,0.0,0.0,0.0,0.8111134767532349,0.0,0.0,0.0,0.0,0.0,0.0,0.0,0.18064948916435242,0.0,0.0,0.0,0.0,0.0,0.0,0.0,0.13953439891338348,0.0,0.0,0.0,0.0,0.0,0.0
35,train,infrared,35(2).jpg,37.1560626288192,0.0,1.161368727684021,0.5479328632354736,0.0,0.7724425792694092,0.0,0.0,0.0,0.0,0.0,0.0,0.0,0.0,0.28635045886039734,0.0,0.0,0.29438453912734985,0.0,0.0,0.0,0.0,0.0,0.0,0.0,0.0,0.0,0.0,0.7755356431007385,0.0,0.0,0.0,0.0
35,train,infrared,35(3).jpg,22.138004057192802,0.0,2.2936766147613525,1.1086262464523315,0.0,1.7898045778274536,0.0,0.0,0.9052305817604065,0.0,0.0,0.0,0.0,0.4395993649959564,1.424838662147522,0.0,0.0,1.3430325984954834,0.0,0.0,0.0,0.0,0.0,0.0,0.0,0.0,0.0,0.0,1.4840850830078125,0.0,0.0,0.0,0.0
35,train,infrared,35.jpg,43.55065044748824,0.0,0.9779332876205444,0.031755492091178894,0.0,0.5288105010986328,0.0,0.0,0.0,0.0,0.4978840947151184,0.0,0.0,0.0,0.0,0.0,0.0,0.0,0.2276403307914734,0.0,0.0,0.0,0.0,0.0,0.0,0.0,0.20987971127033234,0.0,0.42086392641067505,0.0,0.0,0.0,0.0
36,train,infrared,36(1).jpg,26.254923091255137,0.0,2.196932554244995,1.0366092920303345,0.0,1.1843547821044922,0.0,0.0,0.9921640157699585,0.0,0.0,0.0,0.0,0.0,0.7247166037559509,0.0,0.0,1.135790467262268,0.0,0.0,0.0,0.0,0.0,0.0,0.0,0.0,0.0,0.0,1.4666705131530762,0.0,0.0,0.0,0.0
36,train,infrared,36(2).jpg,60.503657891972466,0.0,0.0,0.0,0.0,0.0,0.0,0.0,0.0,0.0,1.8558175563812256,0.0,0.0,0.0,0.0,0.0,0.0,0.0,1.3589767217636108,0.0,0.0,0.0,0.0,0.0,0.0,0.0,1.6145529747009277,0.0,0.0,0.0,0.0,0.035676177591085434,0.0
36,train,infrared,36(3).jpg,58.930483328377534,0.0,0.0,0.0,0.0,0.0,0.0,0.0,0.0,0.0,1.7149591445922852,0.0,0.0,0.0,0.0,0.0,0.0,0.0,0.9794922471046448,0.0,0.0,0.0,0.0,0.0,0.0,0.0,1.4753553867340088,0.0,0.0,0.0,0.0,0.0,0.0
36,train,infrared,36.jpg,33.88624148645488,0.0,1.49165678024292,0.7031907439231873,0.0,1.407185673713684,0.0,0.0,0.15041622519493103,0.0,0.0,0.0,0.0,0.0,0.48897063732147217,0.0,0.0,0.378052294254303,0.0,0.0,0.0,0.0,0.0,0.0,0.0,0.0,0.0,0.0,0.7712642550468445,0.0,0.0,0.0,0.0
38,train,infrared,38.jpg,34.063981236099835,0.0,1.2655606269836426,0.6678897142410278,0.0,1.2994985580444336,0.0,0.0,0.0,0.0,0.02468722313642502,0.0,0.0,0.0,1.1042336225509644,0.0,0.0,0.43579044938087463,0.0,0.0,0.0,0.0,0.0,0.0,0.0,0.0,0.0,0.0,0.7446253299713135,0.0,0.0,0.0,0.0
39,train,infrared,39.jpg,46.78454340181126,0.0,0.6746267676353455,0.2782841920852661,0.0,0.3256596624851227,0.0,0.0,0.3288838863372803,0.0,1.0857250690460205,0.0,0.0,0.0,0.7394224405288696,0.0,0.0,0.24484510719776154,0.6441019773483276,0.0,0.0,0.0,0.0,0.0,0.0,0.0,0.8279496431350708,0.0,0.6907050609588623,0.0,0.0,0.08363097161054611,0.17204266786575317
40,train,infrared,40(1).jpg,44.87548346939701,0.0,1.0793827772140503,0.0,0.0,0.0,0.0,0.0,0.0,0.0,0.3413194715976715,0.0,0.0,0.0,0.0,0.0,0.0,0.0,0.06360461562871933,0.0,0.0,0.0,0.0,0.0,0.0,0.0,0.0,0.0,0.0,0.0,0.0,0.0,0.0
40,train,infrared,40(2).jpg,36.72569609387904,0.0,1.3731406927108765,0.3642513155937195,0.0,0.47369325160980225,0.0,0.0,0.3329634666442871,0.0,0.0,0.0,0.0,0.0,0.2677491307258606,0.0,0.0,0.43558469414711,0.0,0.0,0.0,0.0,0.0,0.0,0.0,0.0,0.0,0.0,0.739073634147644,0.0,0.0,0.0,0.0
40,train,infrared,40(3).jpg,29.90926072215609,0.0,1.275098204612732,0.6940881013870239,0.0,1.215868592262268,0.0,0.0,0.5056759119033813,0.0,0.0,0.0,0.0,0.0,1.3399221897125244,0.0,0.0,1.0222324132919312,0.0,0.0,0.0,0.0,0.0,0.0,0.0,0.0,0.0,0.0,1.301529884338379,0.0,0.0,0.0,0.0
40,train,infrared,40.jpg,43.027970906292126,0.0,0.6053550839424133,0.33510100841522217,0.0,0.6178558468818665,0.0,0.0,0.0,0.0,0.6165605783462524,0.0,0.0,0.0,0.6077335476875305,0.0,0.0,0.08458764851093292,0.1122395470738411,0.0,0.0,0.0,0.0,0.0,0.0,0.0,0.4636209309101105,0.0,0.7189939618110657,0.0,0.0,0.0,0.0
44,train,infrared,44(1).jpg,31.640931784998543,0.0,1.1969435214996338,0.07425842434167862,0.0,1.260010838508606,0.0,0.0,0.5598184466362,0.0,0.0,0.0,0.0,0.0,1.9629319906234741,0.0,0.0,0.8618491291999817,0.0,0.0,0.0,0.0,0.0,0.0,0.0,0.0,0.0,0.0,0.7528600692749023,0.0,0.0,0.0,0.0
44,train,infrared,44(2).jpg,35.50521716638809,0.0,1.2361199855804443,0.5630549788475037,0.0,1.1700061559677124,0.0,0.0,0.0,0.0,0.0,0.0,0.0,0.0,0.8191676139831543,0.0,0.0,0.4206574261188507,0.0,0.0,0.0,0.0,0.0,0.0,0.0,0.0,0.0,0.0,0.6245846748352051,0.0,0.0,0.0,0.0
44,train,infrared,44(3).jpg,41.824075837231305,0.0,0.6939489841461182,0.3588143587112427,0.0,0.459362655878067,0.0,0.0,0.0,0.0,0.35581696033477783,0.0,0.0,0.0,0.0,0.0,0.0,0.0,0.0,0.0,0.0,0.0,0.0,0.0,0.0,0.0,0.0,0.0,0.7555152773857117,0.0,0.0,0.0,0.0
44,train,infrared,44.jpg,35.50977882194468,0.0,1.117555856704712,0.6857931613922119,0.0,0.887283205986023,0.0,0.0,0.20159253478050232,0.0,0.11649715900421143,0.0,0.0,0.0,0.5195976495742798,0.0,0.0,0.2797302305698395,0.0,0.0,0.0,0.0,0.0,0.0,0.0,0.0,0.0,0.0,1.0615154504776,0.0,0.0,0.0,0.0
45,train,infrared,45(1).jpg,25.705967246598902,0.0,1.7793629169464111,1.3202999830245972,0.0,1.234094500541687,0.0,0.0,0.8067534565925598,0.0,0.0,0.0,0.0,0.13035917282104492,1.0936635732650757,0.0,0.0,1.1581389904022217,0.0,0.0,0.0,0.0,0.0,0.0,0.0,0.0,0.0,0.0,1.7242722511291504,0.0,0.0,0.0,0.0
45,train,infrared,45(2).jpg,42.882844332767945,0.0,0.8687559366226196,0.46323341131210327,0.0,0.49714136123657227,0.0,0.0,0.0,0.0,0.45769956707954407,0.0,0.0,0.0,0.12621374428272247,0.0,0.0,0.27746784687042236,0.08707373589277267,0.0,0.0,0.0,0.0,0.0,0.0,0.0,0.3707980215549469,0.0,0.5540964007377625,0.0,0.0,0.0,0.0
45,train,infrared,45(3).jpg,45.85859149088361,0.0,0.8978654742240906,0.0,0.0,0.0,0.0,0.0,0.0,0.0,0.43333321809768677,0.0,0.0,0.0,0.0,0.0,0.0,0.0,0.058409448713064194,0.0,0.0,0.0,0.0,0.0,0.0,0.0,0.0,0.0,0.0,0.0,0.0,0.0,0.0
45,train,infrared,45(4).jpg,28.50626406706988,0.0,1.5433958768844604,0.925959050655365,0.0,1.3906358480453491,0.0,0.0,0.5046442747116089,0.0,0.0,0.0,0.0,0.4217927157878876,1.5698039531707764,0.0,0.0,0.8238866925239563,0.0,0.0,0.0,0.0,0.0,0.0,0.0,0.0,0.0,0.0,1.0770819187164307,0.0,0.0,0.0,0.0
45,train,infrared,45.jpg,29.558107670740696,0.0,1.4300616979599,0.688975989818573,0.0,1.3020981550216675,0.0,0.0,0.7750454545021057,0.0,0.0,0.0,0.0,0.0,1.6249639987945557,0.0,0.0,0.9503329992294312,0.0,0.0,0.0,0.0,0.0,0.0,0.0,0.0,0.0,0.0,1.0475645065307617,0.0,0.0,0.0,0.0
46,train,infrared,46(1).jpg,22.95915356271007,0.0,1.8111804723739624,1.1280910968780518,0.0,1.8871201276779175,0.0,0.0,0.7505597472190857,0.0,0.0,0.0,0.0,0.0,1.8711391687393188,0.0,0.0,1.1996102333068848,0.0,0.0,0.0,0.0,0.0,0.0,0.0,0.0,0.0,0.0,1.7233970165252686,0.0,0.0,0.0,0.0
46,train,infrared,46(3).jpg,48.779863820173674,0.0,0.43250811100006104,0.12727876007556915,0.0,0.24555937945842743,0.0,0.0,0.0,0.0,0.9301291704177856,0.0,0.0,0.0,0.0,0.0,0.0,0.0,0.3648402988910675,0.0,0.0,0.0,0.0,0.0,0.0,0.0,0.5756399631500244,0.0,0.437712162733078,0.0,0.0,0.0,0.0
46,train,infrared,46.jpg,48.965191807437435,0.0,0.6263504028320312,0.12477080523967743,0.0,0.7555291056632996,0.0,0.0,0.22290678322315216,0.0,0.5572758316993713,0.0,0.0,0.2070179283618927,1.068285346031189,0.0,0.0,0.4427120089530945,0.564846396446228,0.0,0.0,0.0,0.0,0.3864075839519501,0.0,0.2045804262161255,0.6344143152236938,0.0,0.5139512419700623,0.0,0.0,0.6240939497947693,0.25228360295295715
47,train,infrared,47(1).jpg,55.29100841940107,0.0,0.04387605935335159,0.0,0.0,0.0,0.0,0.0,0.0,0.0,0.9945695996284485,0.0,0.0,0.0,0.03618980944156647,0.0,0.0,0.0,1.0178889036178589,0.0,0.0,0.0,0.0,0.0,0.0,0.0,0.6816690564155579,0.0,0.0,0.0,0.0,0.2214178740978241,0.0
47,train,infrared,47(2).jpg,33.61137984940456,0.0,1.0286260843276978,0.6589570641517639,0.0,1.2211552858352661,0.0,0.0,0.5447787046432495,0.0,0.2111433893442154,0.0,0.0,0.0,1.4459482431411743,0.0,0.0,0.8987228274345398,0.2224445641040802,0.0,0.0,0.0,0.0,0.0,0.0,0.0,0.0,0.0,0.8905526399612427,0.0,0.0,0.0,0.0
47,train,infrared,47(3).jpg,61.22278906987083,0.0,0.0,0.0,0.0,0.0,0.0,0.0,0.0,0.0,2.1021909713745117,0.0,0.0,0.0,0.0,0.0,0.0,0.0,1.4746298789978027,0.0,0.0,0.0,0.0,0.0,0.0,0.0,1.589996337890625,0.0,0.0,0.0,0.0,0.0,0.0
47,train,infrared,47(4).jpg,30.320908502661382,0.0,1.6151031255722046,1.288096308708191,0.0,1.0369428396224976,0.0,0.0,0.5516887307167053,0.0,0.0,0.0,0.0,0.0,0.3244968056678772,0.0,0.0,0.5843681693077087,0.0,0.0,0.0,0.0,0.0,0.0,0.0,0.0,0.0,0.0,1.5353634357452393,0.0,0.0,0.0,0.0
47,train,infrared,47.jpg,48.4623686446932,0.0,0.7478221654891968,0.11938528716564178,0.0,0.18211935460567474,0.0,0.0,0.0,0.0,0.7416293025016785,0.0,0.0,0.34583234786987305,0.0,0.0,0.0,0.0,0.13739171624183655,0.0,0.0,0.0,0.0,0.0,0.0,0.0,0.7442904710769653,0.0,0.028633136302232742,0.0,0.0,0.0,0.0
48,train,infrared,48(1).jpg,37.078070680081225,0.0,0.957290768623352,0.9953881502151489,0.0,0.9787060618400574,0.0,0.0,0.6246147155761719,0.0,0.7900444865226746,0.0,0.0,0.9995127320289612,1.012203574180603,0.0,0.0,0.6151799559593201,0.058422889560461044,0.0,0.0,0.0,0.0,0.0,0.0,0.0,0.6067677736282349,0.0,0.8702195286750793,0.0,0.0,0.0,0.0
48,train,infrared,48(2).jpg,31.869294408464157,0.0,1.624640941619873,1.3183118104934692,0.0,0.7917772531509399,0.0,0.0,0.4003101587295532,0.0,0.0,0.0,0.0,0.0,0.0,0.0,0.0,0.27329713106155396,0.0,0.0,0.0,0.0,0.0,0.0,0.0,0.0,0.0,0.0,1.5593901872634888,0.0,0.0,0.0,0.0
48,train,infrared,48(3).jpg,51.16085551953367,0.0,0.3458653688430786,0.0,0.0,0.0,0.0,0.0,0.0,0.0,0.8300976157188416,0.0,0.0,0.0,0.0,0.0,0.0,0.0,0.4713089168071747,0.0,0.0,0.0,0.0,0.0,0.0,0.0,0.6676055192947388,0.0,0.12207241356372833,0.0,0.0,0.0,0.0
48,train,infrared,48.jpg,43.29231429615862,0.0,0.7567248344421387,0.1315869241952896,0.0,0.6278455257415771,0.0,0.0,0.0,0.0,0.40599775314331055,0.0,0.0,0.0,0.0,0.0,0.0,0.0,0.0,0.0,0.0,0.0,0.0,0.0,0.0,0.0,0.18672730028629303,0.0,0.4601321518421173,0.0,0.0,0.0,0.0
49,train,infrared,49(1).jpg,24.64053997007761,0.0,1.8156085014343262,0.8061819672584534,0.0,1.8255411386489868,0.0,0.0,0.8161045908927917,0.0,0.0,0.0,0.0,0.0,1.954720139503479,0.0,0.0,1.4901221990585327,0.0,0.0,0.0,0.0,0.0,0.0,0.0,0.0,0.0,0.0,1.2585511207580566,0.0,0.0,0.0,0.0
49,train,infrared,49(2).jpg,39.05568485299051,0.0,1.2367444038391113,0.4376677870750427,0.0,1.029767394065857,0.0,0.0,0.0,0.0,0.11575423926115036,0.0,0.0,0.0,0.1487491875886917,0.0,0.0,0.013330142945051193,0.0,0.0,0.0,0.0,0.0,0.0,0.0,0.0,0.0,0.0,0.39608848094940186,0.0,0.0,0.0,0.0
49,train,infrared,49.jpg,48.25063151313428,0.0,0.7184693813323975,0.0,0.0,0.0,0.0,0.0,0.012200534343719482,0.0,0.8415960669517517,0.0,0.0,0.0,0.0749397724866867,0.0,0.0,0.0,0.8203778266906738,0.0,0.0,0.0,0.0,0.0,0.0,0.0,0.46296295523643494,0.0,0.49077531695365906,0.0,0.0,0.07126503437757492,0.0
50,train,infrared,50(1).jpg,34.602938179001626,0.0,1.6869831085205078,0.8861646056175232,0.0,0.6390886902809143,0.0,0.0,0.26369810104370117,0.0,0.0,0.0,0.0,0.0,0.0,0.0,0.0,0.0030979029834270477,0.0,0.0,0.0,0.0,0.0,0.0,0.0,0.0,0.0,0.0,1.097474217414856,0.0,0.0,0.0,0.0
50,train,infrared,50(2).jpg,40.1842696842578,0.0,0.8640915155410767,0.2534165680408478,0.0,0.7454864978790283,0.0,0.0,0.0,0.0,0.16198116540908813,0.0,0.0,0.0,0.647639811038971,0.0,0.0,0.30672237277030945,0.0,0.0,0.0,0.0,0.0,0.0,0.0,0.0,0.26180410385131836,0.0,0.5020266175270081,0.0,0.0,0.0,0.0
50,train,infrared,50.jpg,50.36653492676605,0.0,0.4135923683643341,0.0,0.0,0.0,0.0,0.0,0.0,0.0,0.9437017440795898,0.0,0.0,0.0,0.0,0.0,0.0,0.0,0.4989332854747772,0.0,0.0,0.0,0.0,0.0,0.0,0.0,0.6676470041275024,0.0,0.3329751193523407,0.0,0.0,0.0,0.0
52,train,infrared,52(1).jpg,26.934309321417345,0.0,1.5606441497802734,1.0954631567001343,0.0,1.4667404890060425,0.0,0.0,0.7544061541557312,0.0,0.0,0.0,0.0,0.0,1.7502294778823853,0.0,0.0,1.1590946912765503,0.0,0.0,0.0,0.0,0.0,0.0,0.0,0.0,0.0,0.0,1.3170095682144165,0.0,0.0,0.0,0.0
52,train,infrared,52.jpg,34.161370951230765,0.0,1.6530197858810425,0.4936978220939636,0.0,1.1274034976959229,0.0,0.0,0.30429548025131226,0.0,0.0,0.0,0.0,0.0,0.0972689837217331,0.0,0.0,0.30461442470550537,0.0,0.0,0.0,0.0,0.0,0.0,0.0,0.0,0.0,0.0,0.8719324469566345,0.0,0.0,0.0,0.0
53,train,infrared,53(1).jpg,45.3855587974698,0.0,0.7561034560203552,0.5879670977592468,0.0,0.3146251142024994,0.0,0.0,0.18201452493667603,0.0,0.9812085628509521,0.0,0.0,0.0,0.06733973324298859,0.0,0.0,0.027673568576574326,0.36753013730049133,0.0,0.0,0.0,0.0,0.0,0.0,0.0,0.6131947040557861,0.0,0.8523068428039551,0.0,0.0,0.0,0.0
53,train,infrared,53(2).jpg,33.561117512906776,0.0,1.0734000205993652,0.7778988480567932,0.0,0.9577667713165283,0.0,0.0,0.8385595679283142,0.0,0.4336395859718323,0.0,0.0,0.0,1.2304400205612183,0.0,0.0,0.9107183218002319,0.09389527887105942,0.0,0.0,0.0,0.0,0.0,0.0,0.0,0.04383723437786102,0.0,1.1606104373931885,0.0,0.0,0.0,0.0
53,train,infrared,53(3).jpg,25.187057895693442,0.0,1.4264321327209473,0.8952110409736633,0.0,2.283254861831665,0.0,0.0,0.5365068912506104,0.0,0.0,0.0,0.0,0.0,2.431321859359741,0.0,0.0,1.4026761054992676,0.0,0.0,0.0,0.0,0.0,0.0,0.0,0.0,0.0,0.0,1.122502088546753,0.0,0.0,0.0,0.0
53,train,infrared,53.jpg,41.077187577582436,0.0,1.0744941234588623,0.383678674697876,0.0,0.22049109637737274,0.0,0.0,0.0,0.0,0.4957771897315979,0.0,0.0,0.0,0.0,0.0,0.0,0.0,0.0,0.0,0.0,0.0,0.0,0.0,0.0,0.0,0.11711359024047852,0.0,0.8910382986068726,0.0,0.0,0.0,0.0
55,train,infrared,55(2).jpg,29.468589687159238,0.0,1.293764591217041,0.9368617534637451,0.0,1.366145372390747,0.0,0.0,0.7236588001251221,0.0,0.1295088678598404,0.0,0.0,0.0,1.7811617851257324,0.0,0.0,1.1861685514450073,0.0,0.0,0.0,0.0,0.0,0.0,0.0,0.0,0.0,0.0,1.261683464050293,0.0,0.0,0.12656272947788239,0.0
55,train,infrared,55.jpg,42.738064561811484,0.0,0.849235475063324,0.2987738251686096,0.0,0.5044731497764587,0.0,0.0,0.0,0.0,0.1380288004875183,0.0,0.0,0.0,0.0,0.0,0.0,0.0,0.0,0.0,0.0,0.0,0.0,0.0,0.0,0.0,0.014104606583714485,0.0,0.2535616159439087,0.0,0.0,0.0,0.0
56,train,infrared,56.jpg,43.3838804751029,0.0,0.7191484570503235,0.2368413656949997,0.0,0.6186919808387756,0.0,0.0,0.0,0.0,0.3341335356235504,0.0,0.0,0.0,0.4758567214012146,0.0,0.0,0.2315715104341507,0.4684319794178009,0.0,0.0,0.0,0.0,0.0,0.0,0.0,0.40457698702812195,0.0,0.4299190640449524,0.0,0.0,0.0,0.0
57,train,infrared,57(1).jpg,40.21860399688421,0.0,0.6272999048233032,0.43016546964645386,0.0,1.1759166717529297,0.0,0.0,0.0,0.0,0.17397646605968475,0.0,0.0,0.0,0.8020415306091309,0.0,0.0,0.30073419213294983,0.29334744811058044,0.0,0.0,0.0,0.0,0.0,0.0,0.0,0.206938698887825,0.0,0.4804186224937439,0.0,0.0,0.0,0.0
57,train,infrared,57(2).jpg,30.52286090880409,0.0,1.2115490436553955,0.6093190908432007,0.0,1.8176597356796265,0.0,0.0,0.43867456912994385,0.0,0.37879031896591187,0.0,0.0,0.2828439176082611,2.2238996028900146,0.0,0.0,0.9230061769485474,0.274836927652359,0.0,0.0,0.0,0.0,0.0,0.0,0.0,0.05217398703098297,0.0,0.8809525966644287,0.0,0.0,0.004483635537326336,0.0
57,train,infrared,57.jpg,46.85537825547904,0.0,0.8749232292175293,0.06565911322832108,0.0,0.3038850426673889,0.0,0.0,0.0,0.0,0.7115225195884705,0.0,0.0,0.0,0.017252936959266663,0.0,0.0,0.0,0.0,0.0,0.0,0.0,0.0,0.0,0.0,0.0,0.5400202870368958,0.0,0.16653314232826233,0.0,0.0,0.0,0.0
58,train,infrared,58(1).jpg,30.236621743950423,0.0,1.4206279516220093,0.897327721118927,0.0,1.3542600870132446,0.0,0.0,0.4378277063369751,0.0,0.04750315845012665,0.0,0.0,0.07653318345546722,1.171445369720459,0.0,0.0,0.603026270866394,0.0,0.0,0.0,0.0,0.0,0.0,0.0,0.0,0.0,0.0,1.240416169166565,0.0,0.0,0.0,0.0
58,train,infrared,58.jpg,52.20026981360387,0.0,0.3480701744556427,0.0,0.0,0.0,0.0,0.0,0.0,0.0,0.8461528420448303,0.0,0.0,0.0,0.0,0.0,0.0,0.0,0.658653974533081,0.0,0.0,0.0,0.0,0.0,0.0,0.0,0.7325001955032349,0.0,0.0,0.0,0.0,0.0,0.0
59,train,infrared,59(1).jpg,39.76360332014741,0.0,0.9539833068847656,0.41445285081863403,0.0,0.7451134920120239,0.0,0.0,0.0,0.0,0.0,0.0,0.0,0.0,0.2243315875530243,0.0,0.0,0.29476451873779297,0.046402525156736374,0.0,0.0,0.0,0.0,0.0,0.0,0.0,0.18770785629749298,0.0,0.548050045967102,0.0,0.0,0.0,0.0
59,train,infrared,59(2).jpg,27.17594143520921,0.0,1.508428931236267,0.8267276883125305,0.0,1.6714497804641724,0.0,0.0,0.51394122838974,0.0,0.0,0.0,0.0,0.0,1.7243775129318237,0.0,0.0,0.9616241455078125,0.0,0.0,0.0,0.0,0.0,0.0,0.0,0.0,0.0,0.0,1.3391737937927246,0.0,0.0,0.0,0.0
59,train,infrared,59(3).jpg,40.96063358689622,0.0,1.043959140777588,0.5129079818725586,0.0,0.6359898447990417,0.0,0.0,0.0,0.0,0.22958989441394806,0.0,0.0,0.0,0.0,0.0,0.0,0.0,0.0,0.0,0.0,0.0,0.0,0.0,0.0,0.0,0.0,0.0,0.47120824456214905,0.0,0.0,0.0,0.0
59,train,infrared,59.jpg,48.671029834913554,0.0,0.6214891672134399,0.0,0.0,0.0,0.0,0.0,0.0,0.0,0.7786378264427185,0.0,0.0,0.0,0.0,0.0,0.0,0.0,0.14179125428199768,0.0,0.0,0.0,0.0,0.0,0.0,0.0,0.41989973187446594,0.0,0.1491815596818924,0.0,0.0,0.0,0.0
60,train,infrared,60(1).jpg,53.106717299180545,0.0,0.6175695657730103,0.049352362751960754,0.0,0.6366487741470337,0.0,0.0,0.0,0.0,0.9927217960357666,0.0,0.0,0.0,0.9022330045700073,0.0,0.0,0.3495330810546875,0.9585268497467041,0.0,0.0,0.0,0.0,0.37872013449668884,0.0,0.0,0.6181736588478088,0.0,0.30970051884651184,0.0,0.0,0.6578258275985718,0.5378681421279907
60,train,infrared,60(2).jpg,31.51630605039088,0.0,1.259173035621643,1.0758461952209473,0.0,1.2131627798080444,0.0,0.0,0.4687045216560364,0.0,0.13228334486484528,0.0,0.0,0.0,1.0274699926376343,0.0,0.0,0.7362436056137085,0.0,0.0,0.0,0.0,0.0,0.0,0.0,0.0,0.0,0.0,1.264036774635315,0.0,0.0,0.0,0.0
60,train,infrared,60.jpg,38.70243553456925,0.0,0.9449871778488159,0.49996423721313477,0.0,0.8856509327888489,0.0,0.0,0.0,0.0,0.0,0.0,0.0,0.0,0.4778480529785156,0.0,0.0,0.27050507068634033,0.0,0.0,0.0,0.0,0.0,0.0,0.0,0.0,0.0,0.0,0.4866922199726105,0.0,0.0,0.0,0.0
61,train,infrared,61(1).jpg,42.592584318342006,0.0,1.3450775146484375,0.0,0.0,0.2808351218700409,0.0,0.0,0.0905187726020813,0.0,0.3787370026111603,0.0,0.0,0.0,0.07845892012119293,0.0,0.0,0.12078745663166046,0.040494825690984726,0.0,0.0,0.0,0.0,0.0,0.0,0.0,0.0,0.0,0.08245576918125153,0.0,0.0,0.0,0.0
61,train,infrared,61(2).jpg,34.10826552041544,0.0,1.6566593647003174,0.19618912041187286,0.0,0.7846512198448181,0.0,0.0,0.4003760516643524,0.0,0.0,0.0,0.0,0.0,0.525124192237854,0.0,0.0,0.5324604511260986,0.0,0.0,0.0,0.0,0.0,0.0,0.0,0.0,0.0,0.0,0.7876628637313843,0.0,0.0,0.0,0.0
61,train,infrared,61.jpg,41.21650692494171,0.0,1.1755928993225098,0.34201258420944214,0.0,0.1357298046350479,0.0,0.0,0.0020818710327148438,0.0,0.322653591632843,0.0,0.0,0.0,0.0,0.0,0.0,0.0,0.0,0.0,0.0,0.0,0.0,0.0,0.0,0.0,0.0,0.0,0.617375373840332,0.0,0.0,0.0,0.0
62,train,infrared,62.jpg,48.482698872198,0.0,0.7257168889045715,0.0,0.0,0.0,0.0,0.0,0.0,0.0,0.8335548639297485,0.0,0.0,0.0,0.0,0.0,0.0,0.0,0.21869757771492004,0.0,0.0,0.0,0.0,0.0,0.0,0.0,0.21098536252975464,0.0,0.03724153712391853,0.0,0.0,0.0,0.0
63,train,infrared,63(1).jpg,27.922686338351127,0.0,1.464859962463379,0.8823143839836121,0.0,1.3833848237991333,0.0,0.0,0.6306638717651367,0.0,0.0,0.0,0.0,0.0774422287940979,1.4903227090835571,0.0,0.0,1.0548125505447388,0.0,0.0,0.0,0.0,0.0,0.0,0.0,0.0,0.0,0.0,1.3621060848236084,0.0,0.0,0.0,0.0
63,train,infrared,63(2).jpg,28.91322314553338,0.0,1.2596150636672974,1.1678812503814697,0.0,1.8569774627685547,0.0,0.0,0.9479655623435974,0.0,0.3513680696487427,0.0,0.0,0.13454382121562958,2.0703413486480713,0.0,0.0,1.2757811546325684,0.19624170660972595,0.0,0.0,0.0,0.0,0.0,0.0,0.0,0.052180126309394836,0.0,1.024106502532959,0.0,0.0,0.0,0.0
63,train,infrared,63.jpg,35.64604647839246,0.0,1.0163519382476807,0.264464795589447,0.0,1.2748966217041016,0.0,0.0,0.002854645252227783,0.0,0.0,0.0,0.0,0.0,1.11579430103302,0.0,0.0,0.5710979700088501,0.0,0.0,0.0,0.0,0.0,0.0,0.0,0.0,0.0,0.0,0.5692672729492188,0.0,0.0,0.0,0.0
64,train,infrared,64(1).jpg,31.349791029398148,0.0,1.7364652156829834,0.6939700245857239,0.0,1.2398580312728882,0.0,0.0,0.48273658752441406,0.0,0.0,0.0,0.0,0.0,0.5500844717025757,0.0,0.0,0.6383745670318604,0.0,0.0,0.0,0.0,0.0,0.0,0.0,0.0,0.0,0.0,1.036455512046814,0.0,0.0,0.0,0.0
64,train,infrared,64(2).jpg,46.48017114106685,0.0,0.5414481163024902,0.2891837954521179,0.0,0.0,0.0,0.0,0.0,0.0,0.9303234219551086,0.0,0.0,0.0,0.0,0.0,0.0,0.0,0.2632444202899933,0.0,0.0,0.0,0.0,0.0,0.0,0.0,0.4250396490097046,0.0,0.8410855531692505,0.0,0.0,0.0,0.0
64,train,infrared,64.jpg,34.613891646239495,0.0,1.044042706489563,0.8079192042350769,0.0,0.7879475951194763,0.0,0.0,0.5153834819793701,0.0,0.08153102546930313,0.0,0.0,0.0,0.5500994920730591,0.0,0.0,0.595512866973877,0.0,0.0,0.0,0.0,0.0,0.0,0.0,0.0,0.0,0.0,1.1682647466659546,0.0,0.0,0.0,0.0
65,train,infrared,65(2).jpg,31.416849254608792,0.0,1.9452849626541138,0.8032750487327576,0.0,0.653016209602356,0.0,0.0,0.7597558498382568,0.0,0.0,0.0,0.0,0.0,0.0,0.0,0.0,0.4777006208896637,0.0,0.0,0.0,0.0,0.0,0.0,0.0,0.0,0.0,0.0,1.3423775434494019,0.0,0.0,0.0,0.0
65,train,infrared,65(3).jpg,31.676892807688887,0.0,1.0784224271774292,0.7643442749977112,0.0,1.0762006044387817,0.0,0.0,0.7477650046348572,0.0,0.33704066276550293,0.0,0.0,0.0,1.377059817314148,0.0,0.0,0.783650279045105,0.0,0.0,0.0,0.0,0.0,0.0,0.0,0.0,0.05554728955030441,0.0,1.4176239967346191,0.0,0.0,0.0,0.0
65,train,infrared,65.jpg,36.55952358334304,0.0,1.2589430809020996,0.5600171685218811,0.0,0.8795953989028931,0.0,0.0,0.2776145935058594,0.0,0.21042877435684204,0.0,0.0,0.0,0.45588576793670654,0.0,0.0,0.4429086148738861,0.0,0.0,0.0,0.0,0.0,0.0,0.0,0.0,0.11284247040748596,0.0,0.8240641355514526,0.0,0.0,0.0,0.0
74,train,infrared,74(1).jpg,34.89654432315274,0.0,1.0816398859024048,0.15041927993297577,0.0,0.9930120706558228,0.0,0.0,0.7757195830345154,0.0,0.20216289162635803,0.0,0.0,0.0,1.5542712211608887,0.0,0.0,0.8082112073898315,0.0,0.0,0.0,0.0,0.0,0.0,0.0,0.0,0.08385079354047775,0.0,0.6262030601501465,0.0,0.0,0.0,0.08430206775665283
74,train,infrared,74(2).jpg,44.727672609661795,0.0,0.9011117219924927,0.424873411655426,0.0,1.101591944694519,0.0,0.0,0.46213293075561523,0.0,0.6181860566139221,0.0,0.0,0.0,1.5147178173065186,0.0,0.0,0.6184335947036743,0.43135252594947815,0.0,0.0,0.0,0.0,0.44216206669807434,0.0,0.055233582854270935,0.48025307059288025,0.0,0.8458483219146729,0.0,0.0,0.7019983530044556,0.40075042843818665
74,train,infrared,74.jpg,40.0022429741594,0.0,1.1900697946548462,0.4081328511238098,0.0,0.7440811991691589,0.0,0.0,0.0,0.0,0.22301097214221954,0.0,0.0,0.0,0.2724478244781494,0.0,0.0,0.009732913225889206,0.0,0.0,0.0,0.0,0.0,0.0,0.0,0.0,0.0,0.0,0.3894062340259552,0.0,0.0,0.0,0.0
85,train,infrared,85(1).jpg,49.20356363372386,0.0,0.6640650629997253,0.0,0.0,0.300398051738739,0.0,0.0,0.0,0.0,0.8483560681343079,0.0,0.0,0.0,0.0,0.0,0.0,0.0,0.3448268175125122,0.0,0.0,0.0,0.0,0.0,0.0,0.0,0.47428378462791443,0.0,0.0,0.0,0.0,0.0,0.0
85,train,infrared,85(2).jpg,53.10247197220367,0.0,0.2642098069190979,0.0,0.0,0.0,0.0,0.0,0.0,0.0,1.058719515800476,0.0,0.0,0.0,0.0,0.0,0.0,0.0,0.5593906044960022,0.0,0.0,0.0,0.0,0.0,0.0,0.0,0.7394493818283081,0.0,0.0,0.0,0.0,0.0,0.0
85,train,infrared,85.jpg,35.991414622620084,0.0,1.2319588661193848,0.3632047772407532,0.0,1.0566757917404175,0.0,0.0,0.2885950207710266,0.0,0.32883328199386597,0.0,0.0,0.0,1.3988879919052124,0.0,0.0,0.6222923398017883,0.2533453106880188,0.0,0.0,0.0,0.0,0.0,0.0,0.0,0.2893856167793274,0.0,0.7957761287689209,0.0,0.0,0.04124301299452782,0.09651777148246765
86,train,infrared,86(1).jpg,44.054695359624816,0.0,0.695374608039856,0.1597292274236679,0.0,0.02299077995121479,0.0,0.0,0.0,0.0,0.49414360523223877,0.0,0.0,0.0,0.0,0.0,0.0,0.0,0.3155052959918976,0.0,0.0,0.0,0.0,0.0,0.0,0.0,0.0,0.0,0.6747488975524902,0.0,0.0,0.0,0.0
86,train,infrared,86(2).jpg,43.713749806557814,0.0,0.9566569924354553,0.3730306029319763,0.0,0.6018316745758057,0.0,0.0,0.007816743105649948,0.0,0.6667146682739258,0.0,0.0,0.0,0.1557243913412094,0.0,0.0,0.04744214937090874,0.15613527595996857,0.0,0.0,0.0,0.0,0.0,0.0,0.0,0.6621580123901367,0.0,0.6562860012054443,0.0,0.0,0.0,0.0
86,train,infrared,86.jpg,51.12277891533802,0.0,0.5278486013412476,0.0,0.0,0.0,0.0,0.0,0.0,0.0,0.9896121621131897,0.0,0.0,0.0,0.0,0.0,0.0,0.0,0.46960365772247314,0.0,0.0,0.0,0.0,0.0,0.0,0.0,0.5158804059028625,0.0,1.6827136278152466e-05,0.0,0.0,0.0,0.0
87,train,infrared,87.jpg,46.008592185644204,0.0,0.4081963002681732,0.12966056168079376,0.0,0.5139904022216797,0.0,0.0,0.0,0.0,0.3228847086429596,0.0,0.0,0.0,0.21013705432415009,0.0,0.0,0.0,0.3225821554660797,0.0,0.0,0.0,0.0,0.0,0.0,0.0,0.1977798491716385,0.0,0.43199703097343445,0.0,0.0,0.23387134075164795,0.0
94,train,infrared,94.jpg,28.274486640103305,0.0,1.7115004062652588,0.9693403244018555,0.0,1.3276439905166626,0.0,0.0,0.7250911593437195,0.0,0.0,0.0,0.0,0.0,1.2113679647445679,0.0,0.0,0.9189195036888123,0.0,0.0,0.0,0.0,0.0,0.0,0.0,0.0,0.0,0.0,1.2701408863067627,0.0,0.0,0.0,0.0
102,train,infrared,102.jpg,46.88138823345244,0.0,1.049931526184082,0.0,0.0,0.406730592250824,0.0,0.0,0.3137195110321045,0.0,1.0659754276275635,0.0,0.0,0.0,0.8992184400558472,0.0,0.0,0.27016106247901917,0.4229622185230255,0.0,0.0,0.0,0.0,0.0,0.0,0.0,0.7215404510498047,0.0,0.3795245289802551,0.0,0.0,0.2958295941352844,0.24422016739845276
106,train,infrared,106.jpg,34.592807080228795,0.0,1.3753745555877686,0.6448497772216797,0.0,0.8601067066192627,0.0,0.0,0.3060685694217682,0.0,0.42427390813827515,0.0,0.0,0.0,0.692429780960083,0.0,0.0,0.5097136497497559,0.0,0.0,0.0,0.0,0.0,0.0,0.0,0.0,0.11924125254154205,0.0,1.2021842002868652,0.0,0.0,0.0,0.0
27,val,infrared,27.jpg,37.777260710335725,0.0,0.9303825497627258,0.3706126809120178,0.0,0.756597101688385,0.0,0.0,0.14047682285308838,0.0,0.0,0.0,0.0,0.0,0.8806301355361938,0.0,0.0,0.4934670031070709,0.0,0.0,0.0,0.0,0.0,0.0,0.0,0.0,0.0,0.0,0.5045667886734009,0.0,0.0,0.0,0.0
31,val,infrared,31.jpg,33.36611489287361,0.0,1.4524478912353516,0.38985663652420044,0.0,1.4576867818832397,0.0,0.0,0.2436223030090332,0.0,0.0,0.0,0.0,0.0,1.4246784448623657,0.0,0.0,0.9253436923027039,0.0,0.0,0.0,0.0,0.0,0.0,0.0,0.0,0.0,0.0,0.3331507742404938,0.0,0.0,0.0,0.0
41,val,infrared,41.jpg,35.7092555384703,0.0,0.9625501036643982,0.7660900950431824,0.0,1.0139408111572266,0.0,0.0,0.022875353693962097,0.0,0.24408571422100067,0.0,0.0,0.0,0.765945553779602,0.0,0.0,0.29726076126098633,0.0,0.0,0.0,0.0,0.0,0.0,0.0,0.0,0.028669239953160286,0.0,1.1233325004577637,0.0,0.0,0.0,0.0
42,val,infrared,42(3).jpg,48.734398561520095,0.0,0.5076040029525757,0.07146866619586945,0.0,0.07144096493721008,0.0,0.0,0.0,0.0,0.6188856959342957,0.0,0.0,0.0,0.0,0.0,0.0,0.0,0.0,0.0,0.0,0.0,0.0,0.0,0.0,0.0,0.3671627938747406,0.0,0.0,0.0,0.0,0.0,0.0
42,val,infrared,42.jpg,29.577441055468853,0.0,1.6005971431732178,0.4423072338104248,0.0,1.282258152961731,0.0,0.0,0.7607691884040833,0.0,0.0,0.0,0.0,0.0,1.2270876169204712,0.0,0.0,0.8258085250854492,0.0,0.0,0.0,0.0,0.0,0.0,0.0,0.0,0.0,0.0,1.1285326480865479,0.0,0.0,0.0,0.0
51,val,infrared,51(1).jpg,45.07898017707271,0.0,0.3996697962284088,0.23239441215991974,0.0,1.249890923500061,0.0,0.0,0.0,0.0,0.5348409414291382,0.0,0.0,0.0,0.7547609806060791,0.0,0.0,0.0,0.12215843051671982,0.0,0.0,0.0,0.0,0.0,0.0,0.0,0.3935360908508301,0.0,0.0,0.0,0.0,0.0,0.0
51,val,infrared,51.jpg,39.86140336108866,0.0,1.181391716003418,0.11555483937263489,0.0,0.26465001702308655,0.0,0.0,0.454362154006958,0.0,0.29364413022994995,0.0,0.0,0.0,0.4937096834182739,0.0,0.0,0.46185699105262756,0.0,0.0,0.0,0.0,0.0,0.0,0.0,0.0,0.0,0.0,0.3991759717464447,0.0,0.0,0.0,0.0
54,val,infrared,54.jpg,34.13862791353483,0.0,1.542760968208313,0.1759069710969925,0.0,0.7831213474273682,0.0,0.0,0.5943359732627869,0.0,0.006817005109041929,0.0,0.0,0.0,0.5296661257743835,0.0,0.0,0.7394299507141113,0.0,0.0,0.0,0.0,0.0,0.0,0.0,0.0,0.0,0.0,0.7805880904197693,0.0,0.0,0.0,0.0
67,val,infrared,67(1).jpg,36.89564566208327,0.0,0.6058728694915771,0.1430894285440445,0.0,1.4767413139343262,0.0,0.0,0.43053847551345825,0.0,0.42907655239105225,0.0,0.0,0.0,1.8503936529159546,0.0,0.0,0.6556049585342407,0.5887234210968018,0.0,0.0,0.0,0.0,0.0,0.0,0.0,0.1464313417673111,0.0,0.6987641453742981,0.0,0.0,0.0,0.0
67,val,infrared,67.jpg,55.77579033742967,0.0,0.1321542114019394,0.0,0.0,0.0,0.0,0.0,0.0,0.0,1.4074774980545044,0.0,0.0,0.0,0.0,0.0,0.0,0.0,0.779914379119873,0.0,0.0,0.0,0.0,0.0,0.0,0.0,0.9926940202713013,0.0,0.0,0.0,0.0,0.0,0.0
70,val,infrared,70.jpg,39.8305181888511,0.0,1.2528761625289917,0.7096273303031921,0.0,0.14256779849529266,0.0,0.0,0.0,0.0,0.25369569659233093,0.0,0.0,0.0,0.0,0.0,0.0,0.0,0.0,0.0,0.0,0.0,0.0,0.0,0.0,0.0,0.0,0.0,0.791527271270752,0.0,0.0,0.0,0.0
73,val,infrared,73.jpg,40.24164147339383,0.0,1.0881961584091187,0.16380862891674042,0.0,1.0577718019485474,0.0,0.0,0.8811538219451904,0.0,0.9708015322685242,0.02588927187025547,0.0,0.0,1.5342611074447632,0.0,0.0,0.7922293543815613,0.4572296142578125,0.0,0.0,0.0,0.0,0.0,0.0,0.22487296164035797,0.6938159465789795,0.0,0.752708911895752,0.0,0.0,0.03505906090140343,0.25519976019859314
75,val,infrared,75.jpg,23.72267203558772,0.0,1.1428353786468506,0.9821255803108215,0.0,2.6345467567443848,0.0,0.0,0.8966371417045593,0.0,0.0,0.0,0.0,0.0,3.0214734077453613,0.0,0.0,1.575190782546997,0.0,0.0,0.0,0.0,0.0,0.0,0.0,0.0,0.0,0.0,1.1327319145202637,0.0,0.0,0.0,0.0
77,val,infrared,77(1).jpg,32.11535598079422,0.0,1.427162528038025,0.6682295799255371,0.0,0.9917345643043518,0.0,0.0,0.43617579340934753,0.0,0.0,0.0,0.0,0.0,0.8402409553527832,0.0,0.0,0.7167505025863647,0.0,0.0,0.0,0.0,0.0,0.0,0.0,0.0,0.0,0.0,1.1087207794189453,0.0,0.0,0.0,0.0
77,val,infrared,77.jpg,29.137769223909686,0.0,1.4673523902893066,0.4043494462966919,0.0,1.1993402242660522,0.0,0.0,0.587194561958313,0.0,0.0,0.0,0.0,0.2976759970188141,1.928087830543518,0.0,0.0,1.1143512725830078,0.039668042212724686,0.0,0.0,0.0,0.0,0.0,0.0,0.0,0.0,0.0,0.923743724822998,0.0,0.0,0.0,0.0
84,val,infrared,84(1).jpg,38.22600949820941,0.0,1.2293899059295654,0.5575554370880127,0.0,0.849912166595459,0.0,0.0,0.0,0.0,0.026174522936344147,0.0,0.0,0.0,0.2665228843688965,0.0,0.0,0.14042329788208008,0.0,0.0,0.0,0.0,0.0,0.0,0.0,0.0,0.0,0.0,0.5151788592338562,0.0,0.0,0.0,0.0
84,val,infrared,84.jpg,37.96114676291353,0.0,1.2528624534606934,0.584036648273468,0.0,0.8359638452529907,0.0,0.0,0.0,0.0,0.0,0.0,0.0,0.0,0.2462015450000763,0.0,0.0,0.1487973928451538,0.0,0.0,0.0,0.0,0.0,0.0,0.0,0.0,0.0,0.0,0.5469709038734436,0.0,0.0,0.0,0.0
99,val,infrared,99.jpg,35.94353526614208,0.0,1.1395957469940186,0.40658605098724365,0.0,0.8341647386550903,0.0,0.0,0.2845248878002167,0.0,0.0,0.0,0.0,0.0,0.6463156938552856,0.0,0.0,0.5224686861038208,0.0,0.0,0.0,0.0,0.0,0.0,0.0,0.0,0.0,0.0,0.7579908967018127,0.0,0.0,0.0,0.0
101,val,infrared,101.jpg,52.52259533078869,0.0,0.7211920022964478,0.0,0.0,0.17767807841300964,0.0,0.0,0.04655356705188751,0.0,1.1640328168869019,0.0,0.0,0.0,0.5694026350975037,0.0,0.0,0.12066981196403503,0.6556791663169861,0.0,0.0,0.0,0.0,0.13409896194934845,0.0,0.0,0.814283013343811,0.0,0.2904915511608124,0.0,0.0,0.4392217993736267,0.27125445008277893
118,val,infrared,118.jpg,87.3359802945904,0.8077419400215149,0.16612669825553894,0.07282483577728271,0.0,0.0,0.0,0.0,0.16043677926063538,0.0,1.73283052444458,0.9328869581222534,0.0,0.0,0.2306159883737564,0.8497781753540039,0.0,0.0,1.2204923629760742,0.0,0.0,0.0,0.0,1.4526034593582153,0.0,1.083992838859558,1.7520906925201416,0.0,0.45351895689964294,0.0,0.0,1.9261202812194824,1.244869351387024
