cyclone_id,split,raw_image_count,raw_tcir_vmax_proxy_kt_mean,raw_embed_00,raw_embed_01,raw_embed_02,raw_embed_03,raw_embed_04,raw_embed_05,raw_embed_06,raw_embed_07,raw_embed_08,raw_embed_09,raw_embed_10,raw_embed_11,raw_embed_12,raw_embed_13,raw_embed_14,raw_embed_15,raw_embed_16,raw_embed_17,raw_embed_18,raw_embed_19,raw_embed_20,raw_embed_21,raw_embed_22,raw_embed_23,raw_embed_24,raw_embed_25,raw_embed_26,raw_embed_27,raw_embed_28,raw_embed_29,raw_embed_30,raw_embed_31,infrared_image_count,infrared_tcir_vmax_proxy_kt_mean,infrared_embed_00,infrared_embed_01,infrared_embed_02,infrared_embed_03,infrared_embed_04,infrared_embed_05,infrared_embed_06,infrared_embed_07,infrared_embed_08,infrared_embed_09,infrared_embed_10,infrared_embed_11,infrared_embed_12,infrared_embed_13,infrared_embed_14,infrared_embed_15,infrared_embed_16,infrared_embed_17,infrared_embed_18,infrared_embed_19,infrared_embed_20,infrared_embed_21,infrared_embed_22,infrared_embed_23,infrared_embed_24,infrared_embed_25,infrared_embed_26,infrared_embed_27,infrared_embed_28,infrared_embed_29,infrared_embed_30,infrared_embed_31,timestamp,hours_before_landfall,temporal_data_source_needed,wind_speed_kt,pressure_hpa,rainfall_mm,temperature_c,meteorological_data_source_needed,latitude,longitude,district,coastal_distance_km,elevation_m,geographic_data_source_needed,district_population,infrastructure_index,exposure_data_source_needed,historical_basin_frequency,historical_landfall_rate,historical_data_source_needed,matched_storm_name,matched_storm_id,matched_basin,is_odisha_relevant,identity_match_time_diff_hours,identity_match_dist_km,nearest_odisha_district,district_households,district_literacy_rate,district_worker_participation_rate,district_urban_population_pct
25,train,1,56.4446772056964,0.0,0.652090311050415,0.0,0.0,0.0,0.0,0.0,0.0,0.0,1.7511507272720337,0.0,0.0,0.0,0.0,0.0,0.0,0.0,1.1179124116897583,0.0,0.0,0.0,0.0,0.0,0.0,0.0,1.3567829132080078,0.0,0.0,0.0,0.0,0.0,0.0,1,51.804793419662886,0.0,0.3370863497257232,0.0,0.0,0.0,0.0,0.0,0.0,0.0,0.8596182465553284,0.0,0.0,0.0,0.0,0.0,0.0,0.0,0.599946141242981,0.0,0.0,0.0,0.0,0.0,0.0,0.0,0.5905877351760864,0.0,0.0,0.0,0.0,0.0,0.0,2013-12-12 04:00:00,,per-image capture timestamp from the original (pre-rename) data source,25.0,1000.0,,,IMD best-track records for the matching storm/date,10.65,80.51,,801.3,,cyclone-center lat/lon (from best-track) + Odisha district boundaries/DEM,,,Census/WorldPop population + district infrastructure inventory (e.g. OSDMA),5.0,,"the storm's year, to join against imd_cyclone_frequency_1891_2016.csv",MADI,2013-010,BOB,False,5.0,44.2,,,,,
27,val,1,42.11140433985338,0.0,1.1843342781066897,0.0,0.0,0.5845794677734375,0.0,0.0,0.0,0.0,0.1838849633932113,0.0,0.0,0.0,0.1227978616952896,0.0,0.0,0.2220684289932251,0.0129418037831783,0.0,0.0,0.0,0.0,0.0,0.0,0.0,0.0,0.0,0.0,0.0,0.0,0.0,0.0,1,37.777260710335725,0.0,0.9303825497627258,0.3706126809120178,0.0,0.756597101688385,0.0,0.0,0.1404768228530883,0.0,0.0,0.0,0.0,0.0,0.8806301355361938,0.0,0.0,0.4934670031070709,0.0,0.0,0.0,0.0,0.0,0.0,0.0,0.0,0.0,0.0,0.5045667886734009,0.0,0.0,0.0,0.0,2022-12-16 06:00:00,,per-image capture timestamp from the original (pre-rename) data source,30.0,1000.0,,,IMD best-track records for the matching storm/date,13.76,64.49,,1929.5,,cyclone-center lat/lon (from best-track) + Odisha district boundaries/DEM,,,Census/WorldPop population + district infrastructure inventory (e.g. OSDMA),,,"the storm's year, to join against imd_cyclone_frequency_1891_2016.csv",,2022-014,ARB,False,,11.0,,,,,
28,test,1,38.08807306901002,0.0,1.443160057067871,0.259235143661499,0.0,0.7075597047805786,0.0,0.0,0.0,0.0,0.0,0.0,0.0,0.0,0.0,0.0,0.0,0.0,0.0,0.0,0.0,0.0,0.0,0.0,0.0,0.0,0.0,0.0,0.5810024738311768,0.0,0.0,0.0,0.0,1,37.99992856094429,0.0,1.1155402660369873,0.2621217370033264,0.0,0.6907451152801514,0.0,0.0,0.0,0.0,0.0,0.0,0.0,0.0,0.3641073107719421,0.0,0.0,0.2149035036563873,0.0,0.0,0.0,0.0,0.0,0.0,0.0,0.0,0.0,0.0,0.666201114654541,0.0,0.0,0.0,0.0,2020-11-22 08:30:00,,per-image capture timestamp from the original (pre-rename) data source,65.0,982.0,,,IMD best-track records for the matching storm/date,10.31,52.1,,3356.6,,cyclone-center lat/lon (from best-track) + Odisha district boundaries/DEM,,,Census/WorldPop population + district infrastructure inventory (e.g. OSDMA),,,"the storm's year, to join against imd_cyclone_frequency_1891_2016.csv",GATI,2020-008,ARB,False,0.5,15.0,,,,,
30,train,2,43.29241709221675,0.0,0.8631314635276794,0.2184549644589424,0.0,0.6274296641349792,0.0,0.0,0.0,0.0,0.6813570261001587,0.0,0.0,0.0,0.0978998467326164,0.0,0.0,0.0,0.0913775712251663,0.0,0.0,0.0,0.0,0.0,0.0,0.0,0.24855782091617584,0.0,0.5942405536770821,0.0,0.0,0.0,0.0,2,45.31276985297258,0.0,0.5814098864793777,0.26485700160264963,0.0,0.3912513852119446,0.0,0.0,0.0,0.0,0.6739717945456504,0.0,0.0,0.0,0.09661815315485,0.0,0.0,0.00045164488255975,0.24894209206104276,0.0,0.0,0.0,0.0,0.0,0.0,0.0,0.3508603572845459,0.0,0.6005689352750778,0.0,0.0,0.0,0.0,2018-11-14 03:00:00,,per-image capture timestamp from the original (pre-rename) data source,45.0,996.0,,,IMD best-track records for the matching storm/date,12.96,84.83,,626.6,,cyclone-center lat/lon (from best-track) + Odisha district boundaries/DEM,,,Census/WorldPop population + district infrastructure inventory (e.g. OSDMA),,,"the storm's year, to join against imd_cyclone_frequency_1891_2016.csv",GAJA,2018-013,BOB,False,3.0,18.1,,,,,
31,val,1,50.4326930963028,0.0,0.913529098033905,0.0,0.0,0.332530677318573,0.0,0.0,0.0,0.0,1.189818024635315,0.0,0.0,0.0,0.0208826214075088,0.0,0.0,0.0,0.7997287511825562,0.0,0.0,0.0,0.0,0.0,0.0,0.0,0.6585547924041748,0.0,0.0,0.0,0.0,0.0,0.0,1,33.36611489287361,0.0,1.4524478912353516,0.3898566365242004,0.0,1.4576867818832395,0.0,0.0,0.2436223030090332,0.0,0.0,0.0,0.0,0.0,1.4246784448623655,0.0,0.0,0.925343692302704,0.0,0.0,0.0,0.0,0.0,0.0,0.0,0.0,0.0,0.0,0.3331507742404938,0.0,0.0,0.0,0.0,2013-11-20 18:00:00,,per-image capture timestamp from the original (pre-rename) data source,45.0,996.0,,,IMD best-track records for the matching storm/date,15.25,83.73,,344.7,,cyclone-center lat/lon (from best-track) + Odisha district boundaries/DEM,,,Census/WorldPop population + district infrastructure inventory (e.g. OSDMA),5.0,,"the storm's year, to join against imd_cyclone_frequency_1891_2016.csv",HELEN,2013-008,BOB,False,,17.0,,,,,
32,train,2,36.502040574881065,0.0,1.7579140067100525,0.52327960729599,0.0,0.9091737866401672,0.0,0.0,0.39619988203048706,0.0,0.6126260757446289,0.0,0.0,0.0,0.4819926917552948,0.0,0.0,0.5523070096969604,0.134065642952919,0.0,0.0,0.0,0.0,0.0,0.0,0.0,0.2480819076299667,0.0,0.759500503540039,0.0,0.0,0.0,0.0,2,33.91574416974365,0.0,1.392873466014862,0.703869879245758,0.0,1.098140143789351,0.0,0.0,0.507573127746582,0.0,0.36048856377601624,0.0,0.0,0.0281997043639421,1.0115090608596802,0.0,0.0,0.784304678440094,0.1179712414741516,0.0,0.0,0.0,0.0,0.0,0.0,0.0,0.08909902721643445,0.0,0.923088550567627,0.0,0.0,0.0,0.0,2021-09-30 09:30:00,,per-image capture timestamp from the original (pre-rename) data source,25.0,998.0,,,IMD best-track records for the matching storm/date,22.7,68.15,,1550.4,,cyclone-center lat/lon (from best-track) + Odisha district boundaries/DEM,,,Census/WorldPop population + district infrastructure inventory (e.g. OSDMA),,,"the storm's year, to join against imd_cyclone_frequency_1891_2016.csv",SHAHEEN,2021-006,ARB,False,3.5,12.4,,,,,
33,train,3,40.650970226333044,0.0,0.999921957651774,0.2760890374581019,0.0,0.7038957079251608,0.0,0.0,0.0,0.0,0.3916145960489909,0.0,0.0,0.0592849999666214,0.29350467522939044,0.0,0.0,0.134739488363266,0.0196789391338825,0.0,0.0,0.0,0.0,0.0,0.0,0.0,0.09022119641304016,0.0,0.5465875566005707,0.0,0.0,0.0,0.0,3,40.79237596884292,0.0,0.9345349868138632,0.6293004155158997,0.0,0.759093443552653,0.0,0.0,0.2435714602470398,0.0,0.6505730922023455,0.0,0.0,0.1551596721013387,0.5320070733626684,0.0,0.0,0.5140054126580557,0.4215883413950603,0.0,0.0,0.0,0.0,0.0,0.0,0.0,0.5670953194300333,0.0,0.8654834032058716,0.0,0.0,0.022650140027205137,0.0,2019-05-01 21:00:00,33.0,per-image capture timestamp from the original (pre-rename) data source,100.0,950.0,,,IMD best-track records for the matching storm/date,15.57,84.28,,340.4,,cyclone-center lat/lon (from best-track) + Odisha district boundaries/DEM,1379647.0,,Census/WorldPop population + district infrastructure inventory (e.g. OSDMA),,,"the storm's year, to join against imd_cyclone_frequency_1891_2016.csv",FANI,2019-002,BOB,True,,11.8,Koraput,337677.0,0.4118,0.5026,0.1639
34,test,2,35.30259261566488,0.0,1.7700467705726624,0.539798229932785,0.0,0.7292553782463074,0.0,0.0,0.525886058807373,0.0,0.43084678053855896,0.0,0.0,0.01326736900955435,0.5664083361625672,0.0,0.0,0.5750804543495178,0.0,0.0,0.0,0.0,0.0,0.0,0.0,0.0,0.0,0.0,0.69427090883255,0.0,0.0,0.0,0.0,2,27.121912342109567,0.0,1.7674078941345215,1.125513881444931,0.0,1.537003517150879,0.0,0.0,0.5997704267501831,0.0,0.0140593312680721,0.0,0.0,0.1798684149980545,1.1058430150151253,0.0,0.0,1.0028184205293655,0.0,0.0,0.0,0.0,0.0,0.0,0.0,0.0,0.0,0.0,1.3575109243392944,0.0,0.0,0.0,0.0,2013-11-28 03:30:00,,per-image capture timestamp from the original (pre-rename) data source,25.0,1002.0,,,IMD best-track records for the matching storm/date,16.33,81.33,,164.9,,cyclone-center lat/lon (from best-track) + Odisha district boundaries/DEM,,,Census/WorldPop population + district infrastructure inventory (e.g. OSDMA),5.0,,"the storm's year, to join against imd_cyclone_frequency_1891_2016.csv",LEHAR,2013-009,BOB,False,5.5,60.2,,,,,
35,train,4,40.10247304738712,0.0,1.6850479245185852,0.3136705160140991,0.0,0.527272429317236,0.0,0.0,0.2780950665473938,0.0,0.5215930342674255,0.0,0.0,0.0,0.07420210540294647,0.0,0.0,0.2852937579154968,0.18451757729053495,0.0,0.0,0.0,0.0,0.0,0.0,0.0,0.22140303999185562,0.0,0.4213180663064122,0.0,0.0,0.0,0.0,4,37.78386487420807,0.0,1.291772484779358,0.422078650444746,0.0,0.7727644145488739,0.0,0.0,0.2263076454401016,0.0,0.3272493928670883,0.0,0.0,0.1098998412489891,0.42779728025197983,0.0,0.0,0.4093542844057083,0.10207245498895645,0.0,0.0,0.0,0.0,0.0,0.0,0.0,0.08735352754592893,0.0,0.6701211631298065,0.0,0.0,0.0,0.0,2021-09-30 04:00:00,,per-image capture timestamp from the original (pre-rename) data source,25.0,998.0,,,IMD best-track records for the matching storm/date,22.7,69.55,,1398.3,,cyclone-center lat/lon (from best-track) + Odisha district boundaries/DEM,,,Census/WorldPop population + district infrastructure inventory (e.g. OSDMA),,,"the storm's year, to join against imd_cyclone_frequency_1891_2016.csv",SHAHEEN,2021-006,ARB,False,4.0,5.6,,,,,
36,train,4,40.52845014772403,0.0,1.5120508521795273,0.3355126157402992,0.0,0.558526907581836,0.0,0.0,0.20622430741786957,0.0,0.5603891462087631,0.0,0.0,0.0,0.0,0.0,0.0,0.18029193580150604,0.05232367664575575,0.0,0.0,0.0,0.0,0.0,0.0,0.0,0.26387082040309906,0.0,0.5470692291855812,0.0,0.0,0.0,0.0,4,44.893826449515004,0.0,0.9221473336219788,0.43495000898838043,0.0,0.6478851139545441,0.0,0.0,0.2856450602412223,0.0,0.8926941752433777,0.0,0.0,0.0,0.3034218102693558,0.0,0.0,0.37846069037914276,0.5846172422170639,0.0,0.0,0.0,0.0,0.0,0.0,0.0,0.7724770903587341,0.0,0.5594836920499802,0.0,0.0,0.00891904439777135,0.0,2019-12-03 04:00:00,,per-image capture timestamp from the original (pre-rename) data source,30.0,1000.0,,,IMD best-track records for the matching storm/date,6.97,56.51,,3013.0,,cyclone-center lat/lon (from best-track) + Odisha district boundaries/DEM,,,Census/WorldPop population + district infrastructure inventory (e.g. OSDMA),,,"the storm's year, to join against imd_cyclone_frequency_1891_2016.csv",PAWAN,2019-010,ARB,False,8.0,3.5,,,,,
37,test,1,49.122340369229605,0.0,0.9505929350852966,0.0,0.0,0.0,0.0,0.0,0.0,0.0,1.0036100149154663,0.0,0.0,0.0,0.0,0.0,0.0,0.0,0.1844588816165924,0.0,0.0,0.0,0.0,0.0,0.0,0.0,0.4967565238475799,0.0,0.0,0.0,0.0,0.0,0.0,1,48.97621620180936,0.0,0.4659507572650909,0.0,0.0,0.0,0.0,0.0,0.0,0.0,0.8519828915596008,0.0,0.0,0.0,0.0,0.0,0.0,0.0,0.2708694040775299,0.0,0.0,0.0,0.0,0.0,0.0,0.0,0.4439273476600647,0.0,0.3200631439685821,0.0,0.0,0.0,0.0,2019-04-30 09:00:00,69.0,per-image capture timestamp from the original (pre-rename) data source,85.0,966.0,,,IMD best-track records for the matching storm/date,12.87,85.25,,657.7,,cyclone-center lat/lon (from best-track) + Odisha district boundaries/DEM,613192.0,,Census/WorldPop population + district infrastructure inventory (e.g. OSDMA),,,"the storm's year, to join against imd_cyclone_frequency_1891_2016.csv",FANI,2019-002,BOB,True,,15.5,Malkangiri,137599.0,0.3991,0.5066,0.0808
38,train,1,31.87044984474176,0.0,1.48566997051239,0.5994341969490051,0.0,2.071420907974243,0.0,0.0,0.0,0.0,0.0,0.0,0.0,0.0,1.404263615608215,0.0,0.0,0.6761032342910767,0.0,0.0,0.0,0.0,0.0,0.0,0.0,0.0,0.0,0.0,0.4672337174415588,0.0,0.0,0.0,0.0,1,34.063981236099835,0.0,1.2655606269836426,0.6678897142410278,0.0,1.2994985580444336,0.0,0.0,0.0,0.0,0.024687223136425,0.0,0.0,0.0,1.1042336225509644,0.0,0.0,0.4357904493808746,0.0,0.0,0.0,0.0,0.0,0.0,0.0,0.0,0.0,0.0,0.7446253299713135,0.0,0.0,0.0,0.0,2018-11-11 02:00:00,,per-image capture timestamp from the original (pre-rename) data source,35.0,999.0,,,IMD best-track records for the matching storm/date,14.33,89.54,,716.1,,cyclone-center lat/lon (from best-track) + Odisha district boundaries/DEM,,,Census/WorldPop population + district infrastructure inventory (e.g. OSDMA),,,"the storm's year, to join against imd_cyclone_frequency_1891_2016.csv",GAJA,2018-013,BOB,False,1.0,116.5,,,,,
39,train,1,27.869374886208448,0.0,2.043745279312134,0.7164128422737122,0.0,0.8900374174118042,0.0,0.0,0.9849316477775574,0.0,0.0,0.0,0.0,0.0,0.2627604603767395,0.0,0.0,0.8633766174316406,0.0,0.0,0.0,0.0,0.0,0.0,0.0,0.0,0.0,0.0,1.6661487817764282,0.0,0.0,0.0,0.0,1,46.78454340181126,0.0,0.6746267676353455,0.2782841920852661,0.0,0.3256596624851227,0.0,0.0,0.3288838863372803,0.0,1.0857250690460205,0.0,0.0,0.0,0.7394224405288696,0.0,0.0,0.2448451071977615,0.6441019773483276,0.0,0.0,0.0,0.0,0.0,0.0,0.0,0.8279496431350708,0.0,0.6907050609588623,0.0,0.0,0.0836309716105461,0.1720426678657531,2019-11-07 03:00:00,48.0,per-image capture timestamp from the original (pre-rename) data source,35.0,998.0,,,IMD best-track records for the matching storm/date,14.93,89.54,,658.9,,cyclone-center lat/lon (from best-track) + Odisha district boundaries/DEM,1698730.0,,Census/WorldPop population + district infrastructure inventory (e.g. OSDMA),,,"the storm's year, to join against imd_cyclone_frequency_1891_2016.csv",BULBUL,2019-009,BOB,True,0.0,37.0,Puri,367269.0,0.7605,0.366,0.156
40,train,4,32.73315792949258,0.0,2.055070012807846,0.571372002363205,0.0,0.7640450596809387,0.0,0.0,0.47753964364528656,0.0,0.20300175249576569,0.0,0.0,0.4176749885082245,0.3165860176086426,0.0,0.0,0.5182220488786697,0.0,0.0,0.0,0.0,0.0,0.0,0.0,0.0,0.0,0.0,0.8056964874267578,0.0,0.0,0.0,0.0,4,38.634602797931066,0.0,1.083244189620018,0.3483601063489914,0.0,0.5768544226884842,0.0,0.0,0.20965984463691711,0.0,0.239470012485981,0.0,0.0,0.0,0.5538512170314789,0.0,0.0,0.3856011889874935,0.0439610406756401,0.0,0.0,0.0,0.0,0.0,0.0,0.0,0.11590523272752762,0.0,0.6898993700742722,0.0,0.0,0.0,0.0,2016-10-26 00:00:00,,per-image capture timestamp from the original (pre-rename) data source,40.0,996.0,,,IMD best-track records for the matching storm/date,16.7,88.32,,420.6,,cyclone-center lat/lon (from best-track) + Odisha district boundaries/DEM,,,Census/WorldPop population + district infrastructure inventory (e.g. OSDMA),4.0,,"the storm's year, to join against imd_cyclone_frequency_1891_2016.csv",KYANT,2016-006,BOB,False,3.0,22.9,,,,,
41,val,1,28.73709894646379,0.0,2.2758543491363525,1.3880566358566284,0.0,0.7815486192703247,0.0,0.0,0.7464069724082947,0.0,0.0,0.0,0.0,0.0,0.0,0.0,0.0,0.2424060851335525,0.0,0.0,0.0,0.0,0.0,0.0,0.0,0.0,0.0,0.0,1.6430270671844482,0.0,0.0,0.0,0.0,1,35.7092555384703,0.0,0.9625501036643982,0.7660900950431824,0.0,1.0139408111572266,0.0,0.0,0.022875353693962,0.0,0.2440857142210006,0.0,0.0,0.0,0.765945553779602,0.0,0.0,0.2972607612609863,0.0,0.0,0.0,0.0,0.0,0.0,0.0,0.0,0.0286692399531602,0.0,1.1233325004577637,0.0,0.0,0.0,0.0,2013-05-13 02:30:00,,per-image capture timestamp from the original (pre-rename) data source,40.0,994.0,,,IMD best-track records for the matching storm/date,12.49,84.93,,678.3,,cyclone-center lat/lon (from best-track) + Odisha district boundaries/DEM,,,Census/WorldPop population + district infrastructure inventory (e.g. OSDMA),5.0,,"the storm's year, to join against imd_cyclone_frequency_1891_2016.csv",VIYARU,2013-001,BOB,False,6.5,130.9,,,,,
42,val,2,35.03002200015644,0.0,2.0097382366657257,0.586929053068161,0.0,0.8316569328308105,0.0,0.0,0.638819932937622,0.0,0.3598816394805908,0.0,0.0,0.0,0.0,0.0,0.0,0.4936963319778442,0.0,0.0,0.0,0.0,0.0,0.0,0.0,0.0,0.24304431676864624,0.0,0.8496460914611816,0.0,0.0,0.0,0.0,2,39.155919808494474,0.0,1.0541005730628967,0.2568879500031471,0.0,0.6768495589494705,0.0,0.0,0.3803845942020416,0.0,0.3094428479671478,0.0,0.0,0.0,0.6135438084602356,0.0,0.0,0.4129042625427246,0.0,0.0,0.0,0.0,0.0,0.0,0.0,0.0,0.1835813969373703,0.0,0.564266324043274,0.0,0.0,0.0,0.0,2021-12-04 09:00:00,27.0,per-image capture timestamp from the original (pre-rename) data source,35.0,1001.0,,,IMD best-track records for the matching storm/date,16.5,84.7,,257.5,,cyclone-center lat/lon (from best-track) + Odisha district boundaries/DEM,577817.0,,Census/WorldPop population + district infrastructure inventory (e.g. OSDMA),,,"the storm's year, to join against imd_cyclone_frequency_1891_2016.csv",JAWAD,2021-010,BOB,True,,0.0,Gajapati,128523.0,0.4544,0.5087,0.1223
43,test,2,32.05468527515387,0.0,2.155128240585327,1.009139209985733,0.0,0.6967650055885315,0.0,0.0,0.5744529366493225,0.0,0.0,0.0,0.0,0.0,0.0,0.0,0.0,0.2694219872355461,0.0,0.0,0.0,0.0,0.0,0.0,0.0,0.0,0.0,0.0,1.0953551530838013,0.0,0.0,0.0,0.0,2,33.45824247993494,0.0,1.3729053735733032,0.8353281021118164,0.0,0.9996832609176636,0.0,0.0,0.4028221294283867,0.0,0.09543871134519576,0.0,0.0,0.0,0.6528475657105446,0.0,0.0,0.5236925631761551,0.0,0.0,0.0,0.0,0.0,0.0,0.0,0.0,0.0380023270845413,0.0,1.0815830826759338,0.0,0.0,0.0,0.0,2013-05-13 03:00:00,,per-image capture timestamp from the original (pre-rename) data source,40.0,994.0,,,IMD best-track records for the matching storm/date,12.57,85.24,,686.1,,cyclone-center lat/lon (from best-track) + Odisha district boundaries/DEM,,,Census/WorldPop population + district infrastructure inventory (e.g. OSDMA),5.0,,"the storm's year, to join against imd_cyclone_frequency_1891_2016.csv",VIYARU,2013-001,BOB,False,12.0,85.0,,,,,
44,train,4,39.537954276550316,0.0,1.32979217171669,0.3724276050925254,0.0,0.7894639670848845,0.0,0.0,0.2705332040786743,0.0,0.456710547208786,0.0,0.0,0.018960408866405477,0.24763585999608037,0.0,0.0,0.30270691495388746,0.2837719991803169,0.0,0.0,0.0,0.0,0.0,0.0,0.0,0.15881540626287458,0.0,0.5744746625423431,0.0,0.0,0.0,0.0,4,36.120000902640655,0.0,1.061142086982727,0.4204802308231592,0.0,0.9441657140851021,0.0,0.0,0.19035274535417557,0.0,0.11807852983474729,0.0,0.0,0.0,0.825424313545227,0.0,0.0,0.39055919647216797,0.0,0.0,0.0,0.0,0.0,0.0,0.0,0.0,0.0,0.0,0.7986188679933548,0.0,0.0,0.0,0.0,2018-11-13 02:30:00,,per-image capture timestamp from the original (pre-rename) data source,40.0,998.0,,,IMD best-track records for the matching storm/date,13.41,86.68,,652.0,,cyclone-center lat/lon (from best-track) + Odisha district boundaries/DEM,,,Census/WorldPop population + district infrastructure inventory (e.g. OSDMA),,,"the storm's year, to join against imd_cyclone_frequency_1891_2016.csv",GAJA,2018-013,BOB,False,3.5,13.4,,,,,
45,train,5,31.5113959612644,0.0,1.956652331352234,0.937226676940918,0.0,1.0529804706573487,0.0,0.0,0.3488642364740372,0.0,0.18028583526611328,0.0,0.0,0.2564161948859692,0.4715744495391846,0.0,0.0,0.623731079697609,0.04781903624534606,0.0,0.0,0.0,0.0,0.0,0.0,0.0,0.03508065044879912,0.0,1.025259757041931,0.0,0.0,0.0,0.0,5,34.502354961612205,0.0,1.3038883805274963,0.6796936869621277,0.0,0.8847939729690552,0.0,0.0,0.41728863716125486,0.0,0.17820655703544613,0.0,0.0,0.1104303777217865,0.882929053902626,0.0,0.0,0.6419653058052063,0.02909663692116734,0.0,0.0,0.0,0.0,0.0,0.0,0.0,0.07415960431098938,0.0,0.880603015422821,0.0,0.0,0.0,0.0,2013-05-14 03:00:00,,per-image capture timestamp from the original (pre-rename) data source,40.0,994.0,,,IMD best-track records for the matching storm/date,14.37,84.69,,480.8,,cyclone-center lat/lon (from best-track) + Odisha district boundaries/DEM,,,Census/WorldPop population + district infrastructure inventory (e.g. OSDMA),5.0,,"the storm's year, to join against imd_cyclone_frequency_1891_2016.csv",VIYARU,2013-001,BOB,False,3.0,99.1,,,,,
46,train,3,30.645956362774655,0.0,1.599961280822754,0.688178300857544,0.0,1.4234484036763508,0.0,0.0,0.3831554452578227,0.0,0.1658171017964681,0.0,0.0,0.0459674795468648,0.9576812982559203,0.0,0.0,0.667108952999115,0.0,0.0,0.0,0.0,0.0,0.0,0.0,0.0,0.0,0.0,1.1604375839233398,0.0,0.0,0.0,0.0,3,40.234736396773734,0.0,0.9566796620686849,0.4600468873977661,0.0,0.962736204266548,0.0,0.0,0.32448884348074597,0.0,0.4958016673723857,0.0,0.0,0.0690059761206309,0.9798081715901693,0.0,0.0,0.547440747419993,0.3098955651124318,0.0,0.0,0.0,0.0,0.12880252798398337,0.0,0.06819347540537517,0.40335142612457275,0.0,0.8916868070761362,0.0,0.0,0.20803131659825644,0.08409453431765236,2014-06-12 08:45:00,,per-image capture timestamp from the original (pre-rename) data source,45.0,986.0,,,IMD best-track records for the matching storm/date,17.51,64.27,,1900.8,,cyclone-center lat/lon (from best-track) + Odisha district boundaries/DEM,,,Census/WorldPop population + district infrastructure inventory (e.g. OSDMA),2.0,,"the storm's year, to join against imd_cyclone_frequency_1891_2016.csv",NANAUK,2014-003,ARB,False,2.75,81.1,,,,,
47,train,5,36.58814071829305,0.0,1.5125296473503114,0.5145669221878052,0.0,0.6407116834074259,0.0,0.0,0.20352150797843932,0.0,0.2233906015753746,0.0,0.0,0.0,0.11427640914916992,0.0,0.0,0.2754968285560608,0.03974186778068542,0.0,0.0,0.0,0.0,0.0,0.0,0.0,0.0386964589357376,0.0,0.9062313586473465,0.0,0.0,0.0,0.0,5,45.781690897206204,0.0,0.6870854869484901,0.4132877320051193,0.0,0.4880434960126877,0.0,0.0,0.21929348707199098,0.0,0.8099066525697708,0.0,0.0,0.0691664695739746,0.3613269716501236,0.0,0.0,0.2966181993484497,0.5704710125923157,0.0,0.0,0.0,0.0,0.0,0.0,0.0,0.6031911730766296,0.0,0.49090984240174296,0.0,0.0,0.04428357481956482,0.0,2016-10-25 07:00:00,,per-image capture timestamp from the original (pre-rename) data source,35.0,998.0,,,IMD best-track records for the matching storm/date,16.7,90.6,,584.3,,cyclone-center lat/lon (from best-track) + Odisha district boundaries/DEM,,,Census/WorldPop population + district infrastructure inventory (e.g. OSDMA),4.0,,"the storm's year, to join against imd_cyclone_frequency_1891_2016.csv",KYANT,2016-006,BOB,False,2.0,11.1,,,,,
48,train,4,37.49155612790544,0.0,1.3091308176517487,0.683761153370142,0.0,0.8554493188858032,0.0,0.0,0.32646123319864273,0.0,0.41619470715522766,0.0,0.0,0.0628260001540184,0.3217189908027649,0.0,0.0,0.33518666308373213,0.10702256113290785,0.0,0.0,0.0,0.0,0.0,0.0,0.0,0.24952321499586105,0.0,0.9021174991503358,0.0,0.0,0.0,0.0,4,40.85013372605942,0.0,0.9211304783821106,0.6113217212259769,0.0,0.5995822101831436,0.0,0.0,0.2562312185764313,0.0,0.5065349638462067,0.0,0.0,0.2498781830072403,0.25305089354515076,0.0,0.0,0.2221192717552185,0.13243295159190893,0.0,0.0,0.0,0.0,0.0,0.0,0.0,0.36527514830231667,0.0,0.7529535703361034,0.0,0.0,0.0,0.0,2018-12-17 03:30:00,14.5,per-image capture timestamp from the original (pre-rename) data source,45.0,997.0,,,IMD best-track records for the matching storm/date,15.68,82.11,,244.1,,cyclone-center lat/lon (from best-track) + Odisha district boundaries/DEM,613192.0,,Census/WorldPop population + district infrastructure inventory (e.g. OSDMA),,,"the storm's year, to join against imd_cyclone_frequency_1891_2016.csv",PHETHAI,2018-014,BOB,True,0.5,16.7,Malkangiri,137599.0,0.3991,0.5066,0.0808
49,train,3,32.981817015856564,0.0,2.005307674407959,0.4390786240498225,0.0,0.9392254948616028,0.0,0.0,0.45959170659383136,0.0,0.039712091286977134,0.0,0.0,0.113116055727005,0.29060113926728565,0.0,0.0,0.48983556404709816,0.0171244628727436,0.0,0.0,0.0,0.0,0.0,0.0,0.0,0.0,0.0,0.7490920921166738,0.0,0.0,0.0,0.0,3,37.315618778734134,0.0,1.256940762201945,0.41461658477783203,0.0,0.9517695109049479,0.0,0.0,0.27610170841217035,0.0,0.319116768737634,0.0,0.0,0.0,0.7261363665262858,0.0,0.0,0.5011507806678613,0.2734592755635579,0.0,0.0,0.0,0.0,0.0,0.0,0.0,0.15432098507881162,0.0,0.7151383062203726,0.0,0.0,0.023755011459191636,0.0,2019-06-11 03:30:00,,per-image capture timestamp from the original (pre-rename) data source,40.0,993.0,,,IMD best-track records for the matching storm/date,14.58,71.21,,1186.0,,cyclone-center lat/lon (from best-track) + Odisha district boundaries/DEM,,,Census/WorldPop population + district infrastructure inventory (e.g. OSDMA),,,"the storm's year, to join against imd_cyclone_frequency_1891_2016.csv",VAYU,2019-003,ARB,False,3.5,69.2,,,,,
50,train,3,35.94176233816387,0.0,1.6684964895248413,0.5628504206736883,0.0,0.8137329816818237,0.0,0.0,0.15425393978754678,0.0,0.22471183041731513,0.0,0.0,0.0,0.28770355383555096,0.0,0.0,0.2871421178181966,0.0,0.0,0.0,0.0,0.0,0.0,0.0,0.0,0.033444012204806,0.0,0.7531424164772034,0.0,0.0,0.0,0.0,3,41.717914263341825,0.0,0.9882223308086395,0.37986039121945697,0.0,0.4615250627199809,0.0,0.0,0.08789936701456703,0.0,0.3685609698295593,0.0,0.0,0.0,0.21587993701299033,0.0,0.0,0.10327342525124546,0.16631109515825906,0.0,0.0,0.0,0.0,0.0,0.0,0.0,0.30981703599294025,0.0,0.6441586514314016,0.0,0.0,0.0,0.0,2019-11-01 03:30:00,,per-image capture timestamp from the original (pre-rename) data source,55.0,990.0,,,IMD best-track records for the matching storm/date,14.62,70.83,,1225.0,,cyclone-center lat/lon (from best-track) + Odisha district boundaries/DEM,,,Census/WorldPop population + district infrastructure inventory (e.g. OSDMA),,,"the storm's year, to join against imd_cyclone_frequency_1891_2016.csv",MAHA,2019-008,ARB,False,0.5,27.5,,,,,
51,val,2,39.51971194643497,0.0,1.437931165099144,0.27754828333854675,0.0,1.1099678352475164,0.0,0.0,0.3520514667034149,0.0,0.4605593979358673,0.0,0.0,0.0,0.7115924954414368,0.0,0.0,0.23611801862716675,0.5671365857124328,0.0,0.0,0.0,0.0,0.0,0.0,0.0,0.4785584509372711,0.0,0.43806880712509155,0.0,0.0,0.0,0.0,2,42.470191769080685,0.0,0.7905307561159134,0.17397462576627726,0.0,0.7572704702615738,0.0,0.0,0.227181077003479,0.0,0.41424253582954407,0.0,0.0,0.0,0.6242353320121765,0.0,0.0,0.23092849552631375,0.0610792152583599,0.0,0.0,0.0,0.0,0.0,0.0,0.0,0.19676804542541504,0.0,0.19958798587322235,0.0,0.0,0.0,0.0,2014-06-13 04:15:00,,per-image capture timestamp from the original (pre-rename) data source,45.0,988.0,,,IMD best-track records for the matching storm/date,18.28,62.8,,2064.3,,cyclone-center lat/lon (from best-track) + Odisha district boundaries/DEM,,,Census/WorldPop population + district infrastructure inventory (e.g. OSDMA),2.0,,"the storm's year, to join against imd_cyclone_frequency_1891_2016.csv",NANAUK,2014-003,ARB,False,4.25,17.4,,,,,
52,train,2,30.848317091742558,0.0,1.8944671154022217,0.7421565428376198,0.0,1.6205640733242035,0.0,0.0,0.18570169806480405,0.0,0.05579663440585135,0.0,0.0,0.5559716820716858,0.5489211678504944,0.0,0.0,0.5520825386047364,0.0,0.0,0.0,0.0,0.0,0.0,0.0,0.0,0.0,0.0,0.7318294197320938,0.0,0.0,0.0,0.0,2,30.547840136324055,0.0,1.606831967830658,0.7945804893970491,0.0,1.2970719933509827,0.0,0.0,0.5293508172035217,0.0,0.0,0.0,0.0,0.0,0.9237492308020592,0.0,0.0,0.7318545579910278,0.0,0.0,0.0,0.0,0.0,0.0,0.0,0.0,0.0,0.0,1.0944710075855255,0.0,0.0,0.0,0.0,2020-06-03 06:00:00,,per-image capture timestamp from the original (pre-rename) data source,60.0,984.0,,,IMD best-track records for the matching storm/date,18.31,72.83,,951.8,,cyclone-center lat/lon (from best-track) + Odisha district boundaries/DEM,,,Census/WorldPop population + district infrastructure inventory (e.g. OSDMA),,,"the storm's year, to join against imd_cyclone_frequency_1891_2016.csv",NISARGA,2020-003,ARB,False,0.0,23.5,,,,,
53,train,4,30.317287463227515,0.0,1.866511046886444,0.6850405186414718,0.0,0.8613368272781372,0.0,0.0,0.5870022475719452,0.0,0.11915284395217896,0.0,0.0,0.0,0.5791252553462982,0.0,0.0,0.6066586524248123,0.0,0.0,0.0,0.0,0.0,0.0,0.0,0.0,0.0,0.0,1.3977511823177338,0.0,0.0,0.0,0.0,4,36.30273044591311,0.0,1.0826074331998825,0.6611889153718948,0.0,0.9440344609320164,0.0,0.0,0.38927024602890015,0.0,0.4776563346385956,0.0,0.0,0.0,0.932275403290987,0.0,0.0,0.5852669989690185,0.11535635404288767,0.0,0.0,0.0,0.0,0.0,0.0,0.0,0.19353638216853142,0.0,1.0066144168376923,0.0,0.0,0.0,0.0,2021-05-15 02:30:00,,per-image capture timestamp from the original (pre-rename) data source,40.0,992.0,,,IMD best-track records for the matching storm/date,12.9,72.6,,1118.2,,cyclone-center lat/lon (from best-track) + Odisha district boundaries/DEM,,,Census/WorldPop population + district infrastructure inventory (e.g. OSDMA),,,"the storm's year, to join against imd_cyclone_frequency_1891_2016.csv",TAUKTAE,2021-002,ARB,False,0.5,15.7,,,,,
54,val,2,40.22669848899389,0.0,1.569762110710144,0.0,0.0,0.44097474217414856,0.0,0.0,0.2925565838813782,0.0,0.38480858504772186,0.0,0.0,0.0,0.0,0.0,0.0,0.34003427624702454,0.0005353817832656,0.0,0.0,0.0,0.0,0.0,0.0,0.0,0.0,0.0,0.2623845040798187,0.0,0.0,0.0,0.0,1,34.13862791353483,0.0,1.542760968208313,0.1759069710969925,0.0,0.7831213474273682,0.0,0.0,0.5943359732627869,0.0,0.0068170051090419,0.0,0.0,0.0,0.5296661257743835,0.0,0.0,0.7394299507141113,0.0,0.0,0.0,0.0,0.0,0.0,0.0,0.0,0.0,0.0,0.7805880904197693,0.0,0.0,0.0,0.0,2018-10-14 01:00:00,,per-image capture timestamp from the original (pre-rename) data source,40.0,996.0,,,IMD best-track records for the matching storm/date,15.13,53.75,,3082.7,,cyclone-center lat/lon (from best-track) + Odisha district boundaries/DEM,,,Census/WorldPop population + district infrastructure inventory (e.g. OSDMA),,,"the storm's year, to join against imd_cyclone_frequency_1891_2016.csv",LUBAN,2018-011,ARB,False,7.0,15.5,,,,,
55,train,2,34.57859203785219,0.0,1.3986268043518066,0.6469923034310341,0.0,1.0152212381362915,0.0,0.0,0.5177637338638306,0.0,0.335191935300827,0.0,0.0,0.3176329731941223,0.6194990873336792,0.0,0.0,0.7159790396690368,0.0,0.0,0.0,0.0,0.0,0.0,0.0,0.0,0.0997091606259346,0.0,0.8301053643226624,0.0,0.0,0.0,0.0,2,36.10332712448537,0.0,1.0715000331401825,0.6178177893161774,0.0,0.9353092610836029,0.0,0.0,0.36182940006256104,0.0,0.13376883417367935,0.0,0.0,0.0,0.8905808925628662,0.0,0.0,0.5930842757225036,0.0,0.0,0.0,0.0,0.0,0.0,0.0,0.0,0.0070523032918572,0.0,0.7576225399971008,0.0,0.0,0.06328136473894115,0.0,2018-11-12 14:30:00,,per-image capture timestamp from the original (pre-rename) data source,45.0,996.0,,,IMD best-track records for the matching storm/date,13.29,87.48,,703.9,,cyclone-center lat/lon (from best-track) + Odisha district boundaries/DEM,,,Census/WorldPop population + district infrastructure inventory (e.g. OSDMA),,,"the storm's year, to join against imd_cyclone_frequency_1891_2016.csv",GAJA,2018-013,BOB,False,3.5,10.2,,,,,
56,train,1,38.53518055364242,0.0,1.0612173080444336,0.3205268979072571,0.0,0.9201540350914,0.0,0.0,0.0,0.0,0.0,0.0,0.0,0.0,0.0,0.0,0.0,0.0771507918834686,0.0,0.0,0.0,0.0,0.0,0.0,0.0,0.0,0.0,0.0,0.6761634349822998,0.0,0.0,0.0,0.0,1,43.3838804751029,0.0,0.7191484570503235,0.2368413656949997,0.0,0.6186919808387756,0.0,0.0,0.0,0.0,0.3341335356235504,0.0,0.0,0.0,0.4758567214012146,0.0,0.0,0.2315715104341507,0.4684319794178009,0.0,0.0,0.0,0.0,0.0,0.0,0.0,0.4045769870281219,0.0,0.4299190640449524,0.0,0.0,0.0,0.0,2013-12-08 21:00:00,,per-image capture timestamp from the original (pre-rename) data source,65.0,986.0,,,IMD best-track records for the matching storm/date,13.68,84.59,,543.4,,cyclone-center lat/lon (from best-track) + Odisha district boundaries/DEM,,,Census/WorldPop population + district infrastructure inventory (e.g. OSDMA),5.0,,"the storm's year, to join against imd_cyclone_frequency_1891_2016.csv",MADI,2013-010,BOB,False,,15.1,,,,,
57,train,3,29.274495277810843,0.0,1.9211247364679973,0.8002912600835165,0.0,1.7496287822723389,0.0,0.0,0.36560765902201336,0.0,0.0,0.0,0.0,0.33887521425882977,0.8064460754394531,0.0,0.0,0.657693495353063,0.0,0.0,0.0,0.0,0.0,0.0,0.0,0.0,0.0,0.0,0.8639249056577682,0.0,0.0,0.0,0.0,3,39.198947720389114,0.0,0.9045907258987427,0.36838122457265854,0.0,1.0991538166999817,0.0,0.0,0.14622485637664792,0.0,0.421429768204689,0.0,0.0,0.09428130586942036,1.0143980234861372,0.0,0.0,0.4079134563604991,0.18939479192097983,0.0,0.0,0.0,0.0,0.0,0.0,0.0,0.26637765765190125,0.0,0.5093014538288116,0.0,0.0,0.0014945451791087668,0.0,2013-11-26 04:00:00,,per-image capture timestamp from the original (pre-rename) data source,70.0,982.0,,,IMD best-track records for the matching storm/date,11.72,89.41,,965.8,,cyclone-center lat/lon (from best-track) + Odisha district boundaries/DEM,,,Census/WorldPop population + district infrastructure inventory (e.g. OSDMA),5.0,,"the storm's year, to join against imd_cyclone_frequency_1891_2016.csv",LEHAR,2013-009,BOB,False,2.0,87.2,,,,,
58,train,2,41.6852873166983,0.0,1.1335624754428864,0.1206812039017677,0.0,0.9379593431949615,0.0,0.0,0.0,0.0,0.4761009812355042,0.0,0.0,0.8497920632362366,0.2136167287826538,0.0,0.0,0.0577006712555885,0.46617892384529114,0.0,0.0,0.0,0.0,0.0,0.0,0.0,0.23806963860988614,0.0,0.1196920350193977,0.0,0.0,0.0,0.0,2,41.218445778777145,0.0,0.884349063038826,0.4486638605594635,0.0,0.6771300435066223,0.0,0.0,0.21891385316848755,0.0,0.4468280002474785,0.0,0.0,0.0382665917277336,0.5857226848602295,0.0,0.0,0.301513135433197,0.3293269872665405,0.0,0.0,0.0,0.0,0.0,0.0,0.0,0.36625009775161743,0.0,0.6202080845832825,0.0,0.0,0.0,0.0,2022-12-07 12:00:00,,per-image capture timestamp from the original (pre-rename) data source,30.0,998.0,,,IMD best-track records for the matching storm/date,8.9,85.1,,1056.9,,cyclone-center lat/lon (from best-track) + Odisha district boundaries/DEM,,,Census/WorldPop population + district infrastructure inventory (e.g. OSDMA),,,"the storm's year, to join against imd_cyclone_frequency_1891_2016.csv",MANDOUS,2022-013,BOB,False,,11.1,,,,,
59,train,5,36.86431514040974,0.0,1.5190812826156617,0.4678127557039261,0.0,1.057924711704254,0.0,0.0,0.0,0.0,0.11756022274494167,0.0,0.0,0.0,0.2542481184005737,0.0,0.0,0.246793794631958,0.0,0.0,0.0,0.0,0.0,0.0,0.0,0.0,0.0,0.0,0.5213699996471405,0.0,0.0,0.0,0.0,4,39.1428020442916,0.0,1.0319651365280151,0.4385221302509308,0.0,0.7631382793188095,0.0,0.0,0.128485307097435,0.0,0.25205693021416664,0.0,0.0,0.0,0.48717727512121195,0.0,0.0,0.3140971660614013,0.04704844485968347,0.0,0.0,0.0,0.0,0.0,0.0,0.0,0.1519018970429897,0.0,0.626903411000967,0.0,0.0,0.0,0.0,2018-10-10 03:30:00,23.5,per-image capture timestamp from the original (pre-rename) data source,60.0,988.0,,,IMD best-track records for the matching storm/date,16.7,86.03,,299.0,,cyclone-center lat/lon (from best-track) + Odisha district boundaries/DEM,3529031.0,,Census/WorldPop population + district infrastructure inventory (e.g. OSDMA),,,"the storm's year, to join against imd_cyclone_frequency_1891_2016.csv",TITLI,2018-012,BOB,True,0.5,33.9,Ganjam,758267.0,0.6262,0.4255,0.2176
60,train,3,34.13362674581322,0.0,1.3172811865806582,0.6037982304890951,0.0,1.2877393166224163,0.0,0.0,0.24434725443522134,0.0,0.10649265845616657,0.0,0.0,0.0,0.7206154266993204,0.0,0.0,0.5122414628664652,0.0,0.0,0.0,0.0,0.0,0.0,0.0,0.0,0.07375379900137584,0.0,0.8898376822471619,0.0,0.0,0.0,0.0,3,41.108486294713565,0.0,0.9405765930811564,0.541720931728681,0.0,0.9118208289146423,0.0,0.0,0.15623484055201212,0.0,0.3750017136335373,0.0,0.0,0.0,0.8025170167287191,0.0,0.0,0.4520939191182454,0.319508949915568,0.0,0.0,0.0,0.0,0.1262400448322296,0.0,0.0,0.20605788628260294,0.0,0.6868098378181458,0.0,0.0,0.21927527586619058,0.17928938070933023,2017-05-29 10:30:00,,per-image capture timestamp from the original (pre-rename) data source,50.0,984.0,,,IMD best-track records for the matching storm/date,18.51,90.26,,430.7,,cyclone-center lat/lon (from best-track) + Odisha district boundaries/DEM,,,Census/WorldPop population + district infrastructure inventory (e.g. OSDMA),,,"the storm's year, to join against imd_cyclone_frequency_1891_2016.csv",MORA,2017-002,BOB,False,1.5,138.4,,,,,
61,train,3,41.13262162167837,0.0,1.8364968299865723,0.0,0.0,0.3804418245951335,0.0,0.0,0.06928449869155884,0.0,0.3815549612045288,0.0,0.0,0.0,0.0,0.0,0.0,0.0050391393403212,0.0,0.0,0.0,0.0,0.0,0.0,0.0,0.0,0.0013630048682291998,0.0,0.008289955556392633,0.0,0.0,0.0,0.0,3,39.30578558789972,0.0,1.3924432595570881,0.17940056820710495,0.0,0.4004053821166356,0.0,0.0,0.16432556509971616,0.0,0.2337968647480011,0.0,0.0,0.0,0.20119437078634897,0.0,0.0,0.2177493025859197,0.013498275230328233,0.0,0.0,0.0,0.0,0.0,0.0,0.0,0.0,0.0,0.49583133558432263,0.0,0.0,0.0,0.0,2007-02-11 03:00:00,,per-image capture timestamp from the original (pre-rename) data source,25.0,1004.0,,,IMD best-track records for the matching storm/date,14.63,56.55,,2780.1,,cyclone-center lat/lon (from best-track) + Odisha district boundaries/DEM,,,Census/WorldPop population + district infrastructure inventory (e.g. OSDMA),2.0,,"the storm's year, to join against imd_cyclone_frequency_1891_2016.csv",,2007-009,ARB,False,,15.5,,,,,
62,train,1,52.02123298801875,0.0,1.0216549634933472,0.0,0.0,0.0,0.0,0.0,0.0,0.0,1.5515320301055908,0.0,0.0,0.0,0.0,0.0,0.0,0.0,0.5316542387008667,0.0,0.0,0.0,0.0,0.0,0.0,0.0,0.8059918880462646,0.0,0.0,0.0,0.0,0.0,0.0,1,48.482698872198,0.0,0.7257168889045715,0.0,0.0,0.0,0.0,0.0,0.0,0.0,0.8335548639297485,0.0,0.0,0.0,0.0,0.0,0.0,0.0,0.21869757771492,0.0,0.0,0.0,0.0,0.0,0.0,0.0,0.2109853625297546,0.0,0.0372415371239185,0.0,0.0,0.0,0.0,2018-05-23 21:00:00,,per-image capture timestamp from the original (pre-rename) data source,70.0,976.0,,,IMD best-track records for the matching storm/date,12.74,55.85,,2890.7,,cyclone-center lat/lon (from best-track) + Odisha district boundaries/DEM,,,Census/WorldPop population + district infrastructure inventory (e.g. OSDMA),,,"the storm's year, to join against imd_cyclone_frequency_1891_2016.csv",MEKUNU,2018-003,ARB,False,,18.0,,,,,
63,train,3,31.223536295600695,0.0,1.3640170494715373,0.3518078277508418,0.0,1.475601355234782,0.0,0.0,0.5484338998794556,0.0,0.085187425216039,0.0,0.0,0.06987735629081723,1.4674835205078125,0.0,0.0,0.863080640633901,0.13382712006568906,0.0,0.0,0.0,0.0,0.0,0.0,0.0,0.0,0.0,0.881025234858195,0.0,0.0,0.0,0.0,3,30.827318654092323,0.0,1.2469423214594524,0.7715534766515096,0.0,1.5050863027572632,0.0,0.0,0.5271613597869873,0.0,0.11712268988291423,0.0,0.0,0.07066201666990914,1.5588194529215496,0.0,0.0,0.9672305583953857,0.06541390220324196,0.0,0.0,0.0,0.0,0.0,0.0,0.0,0.017393375436464933,0.0,0.9851599534352621,0.0,0.0,0.0,0.0,2021-05-15 09:29:00,,per-image capture timestamp from the original (pre-rename) data source,45.0,990.0,,,IMD best-track records for the matching storm/date,13.5,73.3,,1018.0,,cyclone-center lat/lon (from best-track) + Odisha district boundaries/DEM,,,Census/WorldPop population + district infrastructure inventory (e.g. OSDMA),,,"the storm's year, to join against imd_cyclone_frequency_1891_2016.csv",TAUKTAE,2021-002,ARB,False,0.48,66.8,,,,,
64,train,3,36.10403475051669,0.0,1.2189467350641887,0.5793323318163554,0.0,1.0527893255154293,0.0,0.0,0.1040536761283874,0.0,0.20949701219797134,0.0,0.0,0.0,0.4272674322128296,0.0,0.0,0.3617214808861415,0.0303447718421618,0.0,0.0,0.0,0.0,0.0,0.0,0.0,0.002243991320331867,0.0,0.887589693069458,0.0,0.0,0.0,0.0,3,37.48128460556816,0.0,1.107318679491679,0.5970243414243063,0.0,0.6759352087974548,0.0,0.0,0.3327066898345947,0.0,0.33728481580813724,0.0,0.0,0.0,0.3667279879252116,0.0,0.0,0.4112958113352458,0.08774814009666443,0.0,0.0,0.0,0.0,0.0,0.0,0.0,0.14167988300323486,0.0,1.015268603960673,0.0,0.0,0.0,0.0,2019-11-08 03:30:00,23.5,per-image capture timestamp from the original (pre-rename) data source,65.0,982.0,,,IMD best-track records for the matching storm/date,17.07,86.91,,322.1,,cyclone-center lat/lon (from best-track) + Odisha district boundaries/DEM,1698730.0,,Census/WorldPop population + district infrastructure inventory (e.g. OSDMA),,,"the storm's year, to join against imd_cyclone_frequency_1891_2016.csv",BULBUL,2019-009,BOB,True,0.5,78.2,Puri,367269.0,0.7605,0.366,0.156
65,train,3,30.356380796980716,0.0,2.093525012334188,0.8007017175356547,0.0,1.0721747030814488,0.0,0.0,0.5879465738932291,0.0,0.0155657703677813,0.0,0.0,0.0,0.1487663984298706,0.0,0.0,0.45414280891418457,0.0,0.0,0.0,0.0,0.0,0.0,0.0,0.0,0.0,0.0,1.2453102668126423,0.0,0.0,0.0,0.0,3,33.21775521521357,0.0,1.4275501569112141,0.7092121640841166,0.0,0.8696040709813436,0.0,0.0,0.5950451493263245,0.0,0.18248981237411496,0.0,0.0,0.0,0.6109818617502848,0.0,0.0,0.5680865049362183,0.0,0.0,0.0,0.0,0.0,0.0,0.0,0.0,0.05612991998593011,0.0,1.1946885585784912,0.0,0.0,0.0,0.0,2021-05-25 02:29:00,27.516666666666666,per-image capture timestamp from the original (pre-rename) data source,55.0,980.0,,,IMD best-track records for the matching storm/date,18.2,88.0,,265.1,,cyclone-center lat/lon (from best-track) + Odisha district boundaries/DEM,2624470.0,,Census/WorldPop population + district infrastructure inventory (e.g. OSDMA),,,"the storm's year, to join against imd_cyclone_frequency_1891_2016.csv",YAAS,2021-003,BOB,True,0.52,35.2,Cuttack,579170.0,0.7664,0.3568,0.2805
67,val,3,48.76075927649629,0.0,0.8355157971382141,0.024598225951194735,0.0,0.5812049011389414,0.0,0.0,0.0,0.0,1.1789599657058716,0.0,0.0,0.0,0.11777466535568237,0.0,0.0,0.0,0.5026594499746958,0.0,0.0,0.0,0.0,0.0,0.0,0.0,0.6668237447738647,0.0,0.18016022443771362,0.0,0.0,0.0,0.0,2,46.33571799975647,0.0,0.36901354044675827,0.07154471427202225,0.0,0.7383706569671631,0.0,0.0,0.2152692377567291,0.0,0.9182770252227783,0.0,0.0,0.0,0.9251968264579772,0.0,0.0,0.32780247926712036,0.6843189001083374,0.0,0.0,0.0,0.0,0.0,0.0,0.0,0.5695626810193062,0.0,0.34938207268714905,0.0,0.0,0.0,0.0,2018-10-10 03:30:00,23.5,per-image capture timestamp from the original (pre-rename) data source,60.0,988.0,,,IMD best-track records for the matching storm/date,16.7,86.03,,299.0,,cyclone-center lat/lon (from best-track) + Odisha district boundaries/DEM,3529031.0,,Census/WorldPop population + district infrastructure inventory (e.g. OSDMA),,,"the storm's year, to join against imd_cyclone_frequency_1891_2016.csv",TITLI,2018-012,BOB,True,0.5,33.9,Ganjam,758267.0,0.6262,0.4255,0.2176
68,test,2,29.711221862810987,0.0,1.9285554885864258,0.6689325869083405,0.0,1.225590705871582,0.0,0.0,0.6629945039749146,0.0,0.21564285457134244,0.0,0.0,0.0,0.704085886478424,0.0,0.0,0.7370643615722656,0.0,0.0,0.0,0.0,0.0,0.0,0.0,0.0,0.0,0.0,1.2711960077285767,0.0,0.0,0.0,0.0,1,54.65714174309642,0.0,0.278715968132019,0.0,0.0,0.0,0.0,0.0,0.0,0.0,1.260237693786621,0.0,0.0,0.0,0.0,0.0,0.0,0.0,0.6690338253974915,0.0,0.0,0.0,0.0,0.0,0.0,0.0,1.019777774810791,0.0,0.0,0.0,0.0,0.0,0.0,2021-05-16 03:00:00,,per-image capture timestamp from the original (pre-rename) data source,65.0,979.0,,,IMD best-track records for the matching storm/date,15.15,72.9,,988.1,,cyclone-center lat/lon (from best-track) + Odisha district boundaries/DEM,,,Census/WorldPop population + district infrastructure inventory (e.g. OSDMA),,,"the storm's year, to join against imd_cyclone_frequency_1891_2016.csv",TAUKTAE,2021-002,ARB,False,3.0,27.8,,,,,
69,test,2,32.65007017198573,0.0,1.7199746966362,0.5735571384429932,0.0,1.0492850691080093,0.0,0.0,0.6121575832366944,0.0,0.21821413934230804,0.0,0.0,0.1000913381576538,0.5704113245010376,0.0,0.0,0.6818980574607849,0.0441339127719402,0.0,0.0,0.0,0.0,0.0,0.0,0.0,0.0,0.0,0.940751850605011,0.0,0.0,0.0,0.0,2,40.93022398055598,0.0,0.9142987132072449,0.23318076133728025,0.0,0.5161525011062622,0.0,0.0,0.3070271611213684,0.0,0.4586021900177002,0.0,0.0,0.0,0.6402623057365417,0.0,0.0,0.4325672388076782,0.16784941777586931,0.0,0.0,0.0,0.0,0.0,0.0,0.0,0.15165649354457855,0.0,0.634381765499711,0.0,0.0,0.1102359890937805,0.0,2021-05-25 08:30:00,21.5,per-image capture timestamp from the original (pre-rename) data source,60.0,978.0,,,IMD best-track records for the matching storm/date,18.9,88.15,,219.2,,cyclone-center lat/lon (from best-track) + Odisha district boundaries/DEM,1136971.0,,Census/WorldPop population + district infrastructure inventory (e.g. OSDMA),,,"the storm's year, to join against imd_cyclone_frequency_1891_2016.csv",YAAS,2021-003,BOB,True,0.5,22.9,Jagatsinghapur,261307.0,0.7819,0.355,0.102
70,val,1,37.64186606926262,0.0,1.7323837280273438,0.9349639415740968,0.0,1.000178575515747,0.0,0.0,0.0,0.0,0.3341405689716339,0.0,0.0,0.0,0.0,0.0,0.0,0.0,0.0,0.0,0.0,0.0,0.0,0.0,0.0,0.0,0.0,0.0,0.5163743495941162,0.0,0.0,0.0,0.0,1,39.8305181888511,0.0,1.2528761625289917,0.7096273303031921,0.0,0.1425677984952926,0.0,0.0,0.0,0.0,0.2536956965923309,0.0,0.0,0.0,0.0,0.0,0.0,0.0,0.0,0.0,0.0,0.0,0.0,0.0,0.0,0.0,0.0,0.0,0.791527271270752,0.0,0.0,0.0,0.0,2014-10-28 06:00:00,,per-image capture timestamp from the original (pre-rename) data source,80.0,974.0,,,IMD best-track records for the matching storm/date,15.8,61.6,,2208.3,,cyclone-center lat/lon (from best-track) + Odisha district boundaries/DEM,,,Census/WorldPop population + district infrastructure inventory (e.g. OSDMA),2.0,,"the storm's year, to join against imd_cyclone_frequency_1891_2016.csv",NILOFAR,2014-007,ARB,False,,11.1,,,,,
73,val,1,21.072884095818157,0.0,2.8517420291900635,1.020883321762085,0.0,1.6212539672851562,0.0,0.0,1.398561716079712,0.0,0.0,0.0,0.0,0.0,0.6911300420761108,0.0,0.0,1.2758126258850098,0.0,0.0,0.0,0.0,0.0,0.0,0.0,0.0,0.0,0.0,1.7449170351028442,0.0,0.0,0.0,0.0,1,40.24164147339383,0.0,1.0881961584091189,0.1638086289167404,0.0,1.0577718019485474,0.0,0.0,0.8811538219451904,0.0,0.9708015322685242,0.0258892718702554,0.0,0.0,1.5342611074447632,0.0,0.0,0.7922293543815613,0.4572296142578125,0.0,0.0,0.0,0.0,0.0,0.0,0.2248729616403579,0.6938159465789795,0.0,0.752708911895752,0.0,0.0,0.0350590609014034,0.2551997601985931,2018-05-23 03:30:00,,per-image capture timestamp from the original (pre-rename) data source,60.0,980.0,,,IMD best-track records for the matching storm/date,11.4,55.67,,2942.7,,cyclone-center lat/lon (from best-track) + Odisha district boundaries/DEM,,,Census/WorldPop population + district infrastructure inventory (e.g. OSDMA),,,"the storm's year, to join against imd_cyclone_frequency_1891_2016.csv",MEKUNU,2018-003,ARB,False,2.5,25.6,,,,,
74,train,3,29.626127328812345,0.0,2.119380990664164,0.7355515758196512,0.0,1.4553368091583252,0.0,0.0,0.7413943012555441,0.0,0.2017285426457723,0.0,0.0,0.0,0.7071841756502787,0.0,0.0,0.8331745465596517,0.0,0.0,0.0,0.0,0.0,0.0,0.0,0.0,0.0,0.0,0.9628916581471761,0.0,0.0,0.0,0.0,3,39.87548663565798,0.0,1.0576071341832478,0.32780851423740387,0.0,0.9462284048398336,0.0,0.0,0.4126175045967102,0.0,0.3477866401274999,0.0,0.0,0.0,1.1138122876485188,0.0,0.0,0.47879257177313167,0.1437841753164927,0.0,0.0,0.0,0.0,0.14738735556602475,0.0,0.018411194284756967,0.18803462137778595,0.0,0.6204858720302582,0.0,0.0,0.2339994510014852,0.1616841653982798,2021-05-16 09:29:00,,per-image capture timestamp from the original (pre-rename) data source,70.0,976.0,,,IMD best-track records for the matching storm/date,16.45,72.65,,982.2,,cyclone-center lat/lon (from best-track) + Odisha district boundaries/DEM,,,Census/WorldPop population + district infrastructure inventory (e.g. OSDMA),,,"the storm's year, to join against imd_cyclone_frequency_1891_2016.csv",TAUKTAE,2021-002,ARB,False,0.48,28.3,,,,,
75,val,1,21.45165430616589,0.0,2.2053956985473637,1.0402685403823853,0.0,1.6883007287979126,0.0,0.0,1.2459518909454346,0.0,0.0,0.0,0.0,0.1369708180427551,1.447145700454712,0.0,0.0,1.5538091659545898,0.0,0.0,0.0,0.0,0.0,0.0,0.0,0.0,0.0,0.0,1.7435078620910645,0.0,0.0,0.0,0.0,1,23.72267203558772,0.0,1.1428353786468506,0.9821255803108216,0.0,2.6345467567443848,0.0,0.0,0.8966371417045593,0.0,0.0,0.0,0.0,0.0,3.0214734077453613,0.0,0.0,1.575190782546997,0.0,0.0,0.0,0.0,0.0,0.0,0.0,0.0,0.0,0.0,1.1327319145202637,0.0,0.0,0.0,0.0,2020-05-18 04:00:00,53.0,per-image capture timestamp from the original (pre-rename) data source,100.0,952.0,,,IMD best-track records for the matching storm/date,13.37,86.83,,662.8,,cyclone-center lat/lon (from best-track) + Odisha district boundaries/DEM,577817.0,,Census/WorldPop population + district infrastructure inventory (e.g. OSDMA),,,"the storm's year, to join against imd_cyclone_frequency_1891_2016.csv",AMPHAN,2020-001,BOB,True,4.0,61.9,Gajapati,128523.0,0.4544,0.5087,0.1223
77,val,2,22.49584679279195,0.0,2.624906301498413,0.9450505375862122,0.0,1.6089476943016052,0.0,0.0,0.9765510261058807,0.0,0.0,0.0,0.0,0.9304116517305375,0.9215277135372162,0.0,0.0,1.2056825459003448,0.0,0.0,0.0,0.0,0.0,0.0,0.0,0.0,0.0,0.0,1.2555937767028809,0.0,0.0,0.0,0.0,2,30.626562602351953,0.0,1.4472574591636658,0.5362895131111145,0.0,1.095537394285202,0.0,0.0,0.5116851776838303,0.0,0.0,0.0,0.0,0.14883799850940704,1.3841643929481506,0.0,0.0,0.9155508875846863,0.0198340211063623,0.0,0.0,0.0,0.0,0.0,0.0,0.0,0.0,0.0,1.0162322521209717,0.0,0.0,0.0,0.0,2019-06-13 05:00:00,,per-image capture timestamp from the original (pre-rename) data source,80.0,970.0,,,IMD best-track records for the matching storm/date,20.66,69.02,,1408.2,,cyclone-center lat/lon (from best-track) + Odisha district boundaries/DEM,,,Census/WorldPop population + district infrastructure inventory (e.g. OSDMA),,,"the storm's year, to join against imd_cyclone_frequency_1891_2016.csv",VAYU,2019-003,ARB,False,4.0,10.0,,,,,
81,test,2,37.74761853343989,0.0,1.7802645564079285,0.5483055710792542,0.0,0.7850570976734161,0.0,0.0,0.0,0.0,0.21572186052799225,0.0,0.0,0.0,0.0,0.0,0.0,0.0,0.0,0.0,0.0,0.0,0.0,0.0,0.0,0.0,0.0,0.0,0.4840840846300125,0.0,0.0,0.0,0.0,2,45.25998010692033,0.0,0.814260870218277,0.2741757854819298,0.0,0.34237859491258854,0.0,0.0,0.20337265729904175,0.0,0.7538628876209259,0.0,0.0,0.0,0.4986399412155152,0.0,0.0,0.3081012964248657,0.1960676722228527,0.0,0.0,0.0,0.0,0.06888747215270995,0.0,0.0,0.3345488011837005,0.0,0.5008133351802826,0.0,0.0,0.19831860065460205,0.0562351122498512,2015-11-02 03:00:00,,per-image capture timestamp from the original (pre-rename) data source,95.0,960.0,,,IMD best-track records for the matching storm/date,13.16,51.9,,3314.2,,cyclone-center lat/lon (from best-track) + Odisha district boundaries/DEM,,,Census/WorldPop population + district infrastructure inventory (e.g. OSDMA),3.0,,"the storm's year, to join against imd_cyclone_frequency_1891_2016.csv",CHAPALA,2015-010,ARB,False,,33.7,,,,,
82,test,2,33.06813036630504,0.0,1.6047959327697754,0.7034395411610603,0.0,1.6324692368507385,0.0,0.0,0.35715019702911377,0.0,0.25792768597602844,0.0,0.0,0.21352170407772064,0.6242565512657166,0.0,0.0,0.584488034248352,0.0229219328612089,0.0,0.0,0.0,0.0,0.0,0.0,0.0,0.15867261588573456,0.0,0.7959171626716852,0.0,0.0,0.0,0.0,2,49.68870405032262,0.0,0.44765809923410416,0.256556898355484,0.0,0.3423542454838753,0.0,0.0,0.0,0.0,0.8052118718624115,0.0,0.0,0.0,0.06473902612924574,0.0,0.0,0.0971304029226303,0.4902985692024231,0.0,0.0,0.0,0.0,0.00468598213046785,0.0,0.0,0.7172791361808777,0.0,0.3577937185764313,0.0,0.0,0.1602552533149719,0.0354012921452522,2021-05-17 09:29:00,,per-image capture timestamp from the original (pre-rename) data source,100.0,950.0,,,IMD best-track records for the matching storm/date,19.8,71.3,,1141.0,,cyclone-center lat/lon (from best-track) + Odisha district boundaries/DEM,,,Census/WorldPop population + district infrastructure inventory (e.g. OSDMA),,,"the storm's year, to join against imd_cyclone_frequency_1891_2016.csv",TAUKTAE,2021-002,ARB,False,0.48,24.8,,,,,
83,test,1,47.37386934016885,0.0,0.8375964164733887,0.0,0.0,0.8992457985877991,0.0,0.0,0.0,0.0,0.7617051601409912,0.0,0.0,0.0,0.0,0.0,0.0,0.0,0.1803759634494781,0.0,0.0,0.0,0.0,0.0,0.0,0.0,0.6978041529655457,0.0,0.0,0.0,0.0,0.0,0.0,1,58.38267605262132,0.0,0.0,0.0,0.0,0.0,0.0,0.0,0.0,0.0,1.503367900848389,0.0,0.0,0.0,0.0,0.0,0.0,0.0,1.154170274734497,0.0,0.0,0.0,0.0,0.0,0.0,0.0,1.443451762199402,0.0,0.0,0.0,0.0,0.0,0.0,2022-12-15 00:00:00,,per-image capture timestamp from the original (pre-rename) data source,30.0,1000.0,,,IMD best-track records for the matching storm/date,13.88,68.3,,1517.6,,cyclone-center lat/lon (from best-track) + Odisha district boundaries/DEM,,,Census/WorldPop population + district infrastructure inventory (e.g. OSDMA),,,"the storm's year, to join against imd_cyclone_frequency_1891_2016.csv",,2022-014,ARB,False,,11.4,,,,,
84,val,2,41.37834139890353,0.0,1.2715537548065186,0.5353825688362122,0.0,1.0123865008354187,0.0,0.0,0.0,0.0,0.32997265458106995,0.0,0.0,0.0,0.0,0.0,0.0,0.0,0.0,0.0,0.0,0.0,0.0,0.0,0.0,0.0,0.0,0.0,0.08179725706577295,0.0,0.0,0.0,0.0,2,38.09357813056147,0.0,1.2411261796951294,0.5707960426807404,0.0,0.8429380059242249,0.0,0.0,0.0,0.0,0.01308726146817205,0.0,0.0,0.0,0.2563622146844864,0.0,0.0,0.1446103453636169,0.0,0.0,0.0,0.0,0.0,0.0,0.0,0.0,0.0,0.0,0.5310748815536499,0.0,0.0,0.0,0.0,2014-10-29 02:15:00,,per-image capture timestamp from the original (pre-rename) data source,90.0,968.0,,,IMD best-track records for the matching storm/date,18.98,61.94,,2162.9,,cyclone-center lat/lon (from best-track) + Odisha district boundaries/DEM,,,Census/WorldPop population + district infrastructure inventory (e.g. OSDMA),2.0,,"the storm's year, to join against imd_cyclone_frequency_1891_2016.csv",NILOFAR,2014-007,ARB,False,6.75,7.0,,,,,
85,train,3,38.83385067340592,0.0,1.7631157239278157,0.2849032332499822,0.0,0.7479202604542176,0.0,0.0,0.1491934557755788,0.0,0.5345679124196371,0.0,0.0,0.0,0.19014233350753784,0.0,0.0,0.29142483075459796,0.014196007202068933,0.0,0.0,0.0,0.0,0.0,0.0,0.0,0.07297306321561334,0.0,0.37418675422668457,0.0,0.0,0.0,0.0,3,46.099150076182546,0.0,0.720077912012736,0.12106825908025105,0.0,0.45235794782638555,0.0,0.0,0.09619834025700887,0.0,0.7453029553095499,0.0,0.0,0.0,0.4662959973017375,0.0,0.0,0.20743077993392944,0.38585424423217773,0.0,0.0,0.0,0.0,0.0,0.0,0.0,0.50103959441185,0.0,0.2652587095896403,0.0,0.0,0.013747670998175934,0.03217259049415586,2015-10-31 03:15:00,,per-image capture timestamp from the original (pre-rename) data source,110.0,946.0,,,IMD best-track records for the matching storm/date,14.1,59.1,,2508.6,,cyclone-center lat/lon (from best-track) + Odisha district boundaries/DEM,,,Census/WorldPop population + district infrastructure inventory (e.g. OSDMA),3.0,,"the storm's year, to join against imd_cyclone_frequency_1891_2016.csv",CHAPALA,2015-010,ARB,False,0.25,35.1,,,,,
86,train,3,36.986525103269685,0.0,1.665327827135722,0.41737634440263105,0.0,0.8432735161234937,0.0,0.0,0.11030040184656777,0.0,0.28582709034283954,0.0,0.0,0.0,0.090411106745402,0.0,0.0,0.19263343016306558,0.07792815566062926,0.0,0.0,0.0,0.0,0.0,0.0,0.0,0.0,0.0,0.684763898452123,0.0,0.0,0.0,0.0,3,46.297074693840216,0.0,0.7266267339388529,0.17758661011854807,0.0,0.20827415150900677,0.0,0.0,0.002605581035216633,0.0,0.7168234785397848,0.0,0.0,0.0,0.0519081304470698,0.0,0.0,0.0158140497903029,0.31374807655811304,0.0,0.0,0.0,0.0,0.0,0.0,0.0,0.39267947276433307,0.0,0.4436839086314042,0.0,0.0,0.0,0.0,2021-05-17 03:00:00,,per-image capture timestamp from the original (pre-rename) data source,100.0,950.0,,,IMD best-track records for the matching storm/date,18.9,71.4,,1115.4,,cyclone-center lat/lon (from best-track) + Odisha district boundaries/DEM,,,Census/WorldPop population + district infrastructure inventory (e.g. OSDMA),,,"the storm's year, to join against imd_cyclone_frequency_1891_2016.csv",TAUKTAE,2021-002,ARB,False,0.0,15.7,,,,,
87,train,1,32.6912868845792,0.0,1.0289454460144043,0.5119757652282715,0.0,2.101900815963745,0.0,0.0,0.0,0.0,0.0,0.0,0.0,0.0,1.4139156341552734,0.0,0.0,0.4447900652885437,0.0,0.0,0.0,0.0,0.0,0.0,0.0,0.0,0.0,0.0,0.7167431116104126,0.0,0.0,0.0,0.0,1,46.00859218564421,0.0,0.4081963002681732,0.1296605616807937,0.0,0.5139904022216797,0.0,0.0,0.0,0.0,0.3228847086429596,0.0,0.0,0.0,0.21013705432415,0.0,0.0,0.0,0.3225821554660797,0.0,0.0,0.0,0.0,0.0,0.0,0.0,0.1977798491716385,0.0,0.4319970309734344,0.0,0.0,0.2338713407516479,0.0,2017-05-30 02:00:00,,per-image capture timestamp from the original (pre-rename) data source,60.0,978.0,,,IMD best-track records for the matching storm/date,20.91,91.09,,406.9,,cyclone-center lat/lon (from best-track) + Odisha district boundaries/DEM,,,Census/WorldPop population + district infrastructure inventory (e.g. OSDMA),,,"the storm's year, to join against imd_cyclone_frequency_1891_2016.csv",MORA,2017-002,BOB,False,2.0,81.8,,,,,
94,train,1,29.83744855481666,0.0,2.2323365211486816,0.8157246708869934,0.0,1.3991435766220093,0.0,0.0,0.4265393614768982,0.0,0.0,0.0,0.0,0.0,0.4557012915611267,0.0,0.0,0.7340850830078125,0.0,0.0,0.0,0.0,0.0,0.0,0.0,0.0,0.0,0.0,0.9019442200660706,0.0,0.0,0.0,0.0,1,28.274486640103305,0.0,1.7115004062652588,0.9693403244018556,0.0,1.3276439905166626,0.0,0.0,0.7250911593437195,0.0,0.0,0.0,0.0,0.0,1.211367964744568,0.0,0.0,0.9189195036888124,0.0,0.0,0.0,0.0,0.0,0.0,0.0,0.0,0.0,0.0,1.2701408863067627,0.0,0.0,0.0,0.0,2019-06-14 03:30:00,,per-image capture timestamp from the original (pre-rename) data source,75.0,973.0,,,IMD best-track records for the matching storm/date,21.12,68.38,,1489.1,,cyclone-center lat/lon (from best-track) + Odisha district boundaries/DEM,,,Census/WorldPop population + district infrastructure inventory (e.g. OSDMA),,,"the storm's year, to join against imd_cyclone_frequency_1891_2016.csv",VAYU,2019-003,ARB,False,0.5,16.0,,,,,
98,test,1,16.923988834905458,0.0,2.4026098251342773,1.0945199728012085,0.0,2.037065029144287,0.0,0.0,1.1766092777252195,0.0,0.0,0.0,0.0,1.7209596633911133,1.843056321144104,0.0,0.0,1.7235918045043943,0.0,0.0,0.0,0.0,0.0,0.0,0.0,0.0,0.0,0.0,1.5530917644500732,0.0,0.0,0.0,0.0,1,29.145234063337625,0.0,1.2879894971847534,0.6283745765686035,0.0,0.8539033532142639,0.0,0.0,0.8811855912208557,0.0,0.1964731216430664,0.0,0.0,0.0,1.879159688949585,0.0,0.0,1.265113115310669,0.0,0.0,0.0,0.0,0.0,0.0,0.0,0.0,0.0,0.0,1.3975355625152588,0.0,0.0,0.0,0.0,1987-10-31 12:00:00,,per-image capture timestamp from the original (pre-rename) data source,35.0,993.0,,,IMD best-track records for the matching storm/date,12.59,85.47,,696.5,,cyclone-center lat/lon (from best-track) + Odisha district boundaries/DEM,,,Census/WorldPop population + district infrastructure inventory (e.g. OSDMA),5.0,,"the storm's year, to join against imd_cyclone_frequency_1891_2016.csv",,1987-007,BOB,False,,10.5,,,,,
99,val,1,33.688584624987584,0.0,1.6617891788482666,0.4705389738082886,0.0,1.187382698059082,0.0,0.0,0.3582947254180908,0.0,0.0,0.0,0.0,0.0,0.4736841320991516,0.0,0.0,0.5254241824150085,0.0,0.0,0.0,0.0,0.0,0.0,0.0,0.0,0.0,0.0,0.7067050337791443,0.0,0.0,0.0,0.0,1,35.94353526614208,0.0,1.1395957469940186,0.4065860509872436,0.0,0.8341647386550903,0.0,0.0,0.2845248878002167,0.0,0.0,0.0,0.0,0.0,0.6463156938552856,0.0,0.0,0.5224686861038208,0.0,0.0,0.0,0.0,0.0,0.0,0.0,0.0,0.0,0.0,0.7579908967018127,0.0,0.0,0.0,0.0,2019-11-04 06:00:00,,per-image capture timestamp from the original (pre-rename) data source,90.0,966.0,,,IMD best-track records for the matching storm/date,18.58,64.19,,1911.2,,cyclone-center lat/lon (from best-track) + Odisha district boundaries/DEM,,,Census/WorldPop population + district infrastructure inventory (e.g. OSDMA),,,"the storm's year, to join against imd_cyclone_frequency_1891_2016.csv",MAHA,2019-008,ARB,False,,12.4,,,,,
101,val,1,26.23251140452737,0.0,2.609120607376098,0.8021978139877319,0.0,1.7018617391586304,0.0,0.0,0.5798227787017822,0.0,0.0,0.0,0.0,0.0,0.6204066276550293,0.0,0.0,0.840587854385376,0.0,0.0,0.0,0.0,0.0,0.0,0.0,0.0,0.0,0.0,1.1071425676345823,0.0,0.0,0.0,0.0,1,52.52259533078869,0.0,0.7211920022964478,0.0,0.0,0.1776780784130096,0.0,0.0,0.0465535670518875,0.0,1.164032816886902,0.0,0.0,0.0,0.5694026350975037,0.0,0.0,0.120669811964035,0.6556791663169861,0.0,0.0,0.0,0.0,0.1340989619493484,0.0,0.0,0.814283013343811,0.0,0.2904915511608124,0.0,0.0,0.4392217993736267,0.2712544500827789,2013-10-12 04:00:00,14.0,per-image capture timestamp from the original (pre-rename) data source,115.0,940.0,,,IMD best-track records for the matching storm/date,17.95,85.9,,177.5,,cyclone-center lat/lon (from best-track) + Odisha district boundaries/DEM,3529031.0,,Census/WorldPop population + district infrastructure inventory (e.g. OSDMA),5.0,,"the storm's year, to join against imd_cyclone_frequency_1891_2016.csv",PHAILIN,2013-005,BOB,True,1.0,20.0,Ganjam,758267.0,0.6262,0.4255,0.2176
102,train,1,24.83299650987351,0.0,2.99940037727356,0.9577260613441468,0.0,1.4983752965927124,0.0,0.0,0.788598358631134,0.0,0.0,0.0,0.0,0.0,0.2442705184221267,0.0,0.0,0.9181348085403442,0.0,0.0,0.0,0.0,0.0,0.0,0.0,0.0,0.0,0.0,1.2753504514694214,0.0,0.0,0.0,0.0,1,46.88138823345244,0.0,1.049931526184082,0.0,0.0,0.406730592250824,0.0,0.0,0.3137195110321045,0.0,1.0659754276275637,0.0,0.0,0.0,0.8992184400558472,0.0,0.0,0.2701610624790191,0.4229622185230255,0.0,0.0,0.0,0.0,0.0,0.0,0.0,0.7215404510498047,0.0,0.3795245289802551,0.0,0.0,0.2958295941352844,0.2442201673984527,2013-10-12 02:00:00,16.0,per-image capture timestamp from the original (pre-rename) data source,115.0,940.0,,,IMD best-track records for the matching storm/date,17.9,86.2,,205.1,,cyclone-center lat/lon (from best-track) + Odisha district boundaries/DEM,3529031.0,,Census/WorldPop population + district infrastructure inventory (e.g. OSDMA),5.0,,"the storm's year, to join against imd_cyclone_frequency_1891_2016.csv",PHAILIN,2013-005,BOB,True,1.0,24.9,Ganjam,758267.0,0.6262,0.4255,0.2176
106,train,1,30.78821466159684,0.0,1.9959863424301147,0.7446824908256531,0.0,1.1346200704574585,0.0,0.0,0.35554900765419,0.0,0.0,0.0,0.0,0.5860820412635803,0.0,0.0,0.0,0.2647769749164581,0.0,0.0,0.0,0.0,0.0,0.0,0.0,0.0,0.0,0.0,1.1166971921920776,0.0,0.0,0.0,0.0,1,34.592807080228795,0.0,1.3753745555877686,0.6448497772216797,0.0,0.8601067066192627,0.0,0.0,0.3060685694217682,0.0,0.4242739081382751,0.0,0.0,0.0,0.692429780960083,0.0,0.0,0.5097136497497559,0.0,0.0,0.0,0.0,0.0,0.0,0.0,0.0,0.119241252541542,0.0,1.2021842002868652,0.0,0.0,0.0,0.0,2018-05-24 03:30:00,,per-image capture timestamp from the original (pre-rename) data source,75.0,972.0,,,IMD best-track records for the matching storm/date,13.48,55.74,,2887.8,,cyclone-center lat/lon (from best-track) + Odisha district boundaries/DEM,,,Census/WorldPop population + district infrastructure inventory (e.g. OSDMA),,,"the storm's year, to join against imd_cyclone_frequency_1891_2016.csv",MEKUNU,2018-003,ARB,False,0.5,42.8,,,,,
111,test,1,36.02076236070224,0.0,1.8517210483551023,0.5076871514320374,0.0,1.1225494146347046,0.0,0.0,0.0,0.0,0.0,0.0,0.0,0.0,0.0,0.0,0.0,0.0,0.0,0.0,0.0,0.0,0.0,0.0,0.0,0.0,0.0,0.0,0.4893259108066559,0.0,0.0,0.0,0.0,1,51.86613154856165,0.0,0.5753166079521179,0.0,0.0,0.0,0.0,0.0,0.0,0.0,1.045393705368042,0.0,0.0,0.0,0.0,0.0,0.0,0.0,0.4318298101425171,0.0,0.0,0.0,0.0,0.0,0.0,0.0,0.8447281122207642,0.0,0.0302290506660938,0.0,0.0,0.0,0.0,2013-11-27 03:30:00,,per-image capture timestamp from the original (pre-rename) data source,65.0,984.0,,,IMD best-track records for the matching storm/date,13.09,84.95,,620.0,,cyclone-center lat/lon (from best-track) + Odisha district boundaries/DEM,,,Census/WorldPop population + district infrastructure inventory (e.g. OSDMA),5.0,,"the storm's year, to join against imd_cyclone_frequency_1891_2016.csv",LEHAR,2013-009,BOB,False,5.5,118.1,,,,,
112,test,1,20.06237008725975,0.0,2.3838627338409424,1.10780131816864,0.0,2.0673036575317383,0.0,0.0,0.9227494597434998,0.0,0.0,0.0,0.0,0.8953202962875366,1.4334346055984497,0.0,0.0,1.2965879440307615,0.0,0.0,0.0,0.0,0.0,0.0,0.0,0.0,0.0,0.0,1.552212476730347,0.0,0.0,0.0,0.0,1,34.85792390849508,0.0,1.2159470319747925,0.3909059166908264,0.0,0.715875506401062,0.0,0.0,0.8509008288383484,0.0,0.4361263215541839,0.0,0.0,0.0,1.4595036506652832,0.0,0.0,0.8002911806106567,0.0,0.0,0.0,0.0,0.0,0.0,0.0,0.0,0.3343559503555298,0.0,1.23205828666687,0.0,0.0,0.2258165776729583,0.0,2024-12-20 18:00:00,,per-image capture timestamp from the original (pre-rename) data source,25.0,1003.0,,,IMD best-track records for the matching storm/date,14.03,83.66,,466.0,,cyclone-center lat/lon (from best-track) + Odisha district boundaries/DEM,,,Census/WorldPop population + district infrastructure inventory (e.g. OSDMA),,,"the storm's year, to join against imd_cyclone_frequency_1891_2016.csv",,2024-013,BOB,False,,15.1,,,,,
115,test,1,27.75999129613649,0.0,2.348755359649658,0.8473342061042786,0.0,1.9414249658584597,0.0,0.0,0.3558612465858459,0.0,0.0,0.0,0.0,0.0,0.3093622922897339,0.0,0.0,0.5325912833213806,0.0,0.0,0.0,0.0,0.0,0.0,0.0,0.0,0.0,0.0,1.139207124710083,0.0,0.0,0.0,0.0,1,41.3116965039809,0.0,1.014103889465332,0.3099105358123779,0.0,0.5595687627792358,0.0,0.0,0.1496366709470749,0.0,0.5209944844245911,0.0,0.0,0.0,0.0875525921583175,0.0,0.0,0.1450327038764953,0.0,0.0,0.0,0.0,0.0,0.0,0.0,0.0,0.5176418423652649,0.0,0.8886228799819946,0.0,0.0,0.0,0.0,2019-05-02 09:00:00,21.0,per-image capture timestamp from the original (pre-rename) data source,115.0,932.0,,,IMD best-track records for the matching storm/date,17.3,84.8,,173.6,,cyclone-center lat/lon (from best-track) + Odisha district boundaries/DEM,577817.0,,Census/WorldPop population + district infrastructure inventory (e.g. OSDMA),,,"the storm's year, to join against imd_cyclone_frequency_1891_2016.csv",FANI,2019-002,BOB,True,,22.2,Gajapati,128523.0,0.4544,0.5087,0.1223
118,val,1,17.54047332013647,0.0,2.37130069732666,1.5622841119766235,0.0,2.337156295776367,0.0,0.0,1.143916368484497,0.0,0.0,0.0,0.0,0.7821364998817444,1.4988571405410769,0.0,0.0,1.2951650619506836,0.0,0.0,0.0,0.0,0.0,0.0,0.0,0.0,0.0,0.0,1.9450327157974243,0.0,0.0,0.0,0.0,1,87.3359802945904,0.8077419400215149,0.1661266982555389,0.0728248357772827,0.0,0.0,0.0,0.0,0.1604367792606353,0.0,1.73283052444458,0.9328869581222534,0.0,0.0,0.2306159883737564,0.8497781753540039,0.0,0.0,1.2204923629760742,0.0,0.0,0.0,0.0,1.452603459358215,0.0,1.083992838859558,1.7520906925201416,0.0,0.4535189568996429,0.0,0.0,1.9261202812194824,1.244869351387024,2020-05-19 03:00:00,30.0,per-image capture timestamp from the original (pre-rename) data source,120.0,930.0,,,IMD best-track records for the matching storm/date,16.27,85.81,,324.8,,cyclone-center lat/lon (from best-track) + Odisha district boundaries/DEM,577817.0,,Census/WorldPop population + district infrastructure inventory (e.g. OSDMA),,,"the storm's year, to join against imd_cyclone_frequency_1891_2016.csv",AMPHAN,2020-001,BOB,True,0.0,114.2,Gajapati,128523.0,0.4544,0.5087,0.1223
119,test,1,18.880223144568163,0.0,2.106410264968872,1.440438151359558,0.0,2.3106002807617188,0.0,0.0,1.0219001770019531,0.0,0.0,0.0,0.0,0.7224189639091492,1.5451719760894775,0.0,0.0,1.2822494506835938,0.0,0.0,0.0,0.0,0.0,0.0,0.0,0.0,0.0,0.0,1.9227360486984253,0.0,0.0,0.0,0.0,1,49.59186211585636,0.0,0.9113601446151732,0.5975232720375061,0.0,0.3769698143005371,0.0,0.0,0.4465614855289459,0.0,0.9650273323059082,0.0,0.0,0.0,0.424554705619812,0.0,0.0,0.3177955746650696,0.2222974449396133,0.0,0.0,0.0,0.0,0.3738760948181152,0.0,0.0,0.8399115204811096,0.0,1.0129185914993286,0.0,0.0,0.8263654708862305,0.1727671027183532,2021-12-05 12:00:00,0.0,per-image capture timestamp from the original (pre-rename) data source,25.0,1004.0,,,IMD best-track records for the matching storm/date,20.29,86.79,,3.7,,cyclone-center lat/lon (from best-track) + Odisha district boundaries/DEM,1136971.0,,Census/WorldPop population + district infrastructure inventory (e.g. OSDMA),,,"the storm's year, to join against imd_cyclone_frequency_1891_2016.csv",JAWAD,2021-010,BOB,True,,24.4,Jagatsinghapur,261307.0,0.7819,0.355,0.102
128,test,1,33.32815889699668,0.0,2.0509297847747803,0.631862223148346,0.0,1.6034575700759888,0.0,0.0,0.0,0.0,0.0,0.0,0.0,0.0,0.0,0.0,0.0,0.3768143951892853,0.0,0.0,0.0,0.0,0.0,0.0,0.0,0.0,0.0,0.0,0.5795828104019165,0.0,0.0,0.0,0.0,1,33.05201306033916,0.0,1.5636754035949707,0.6795241236686707,0.0,1.232262372970581,0.0,0.0,0.2420642375946045,0.0,0.0,0.0,0.0,0.0,0.4970095753669739,0.0,0.0,0.5187784433364868,0.0,0.0,0.0,0.0,0.0,0.0,0.0,0.0,0.0,0.0,0.9172056317329408,0.0,0.0,0.0,0.0,2018-05-25 03:00:00,,per-image capture timestamp from the original (pre-rename) data source,85.0,968.0,,,IMD best-track records for the matching storm/date,15.06,54.16,,3038.2,,cyclone-center lat/lon (from best-track) + Odisha district boundaries/DEM,,,Census/WorldPop population + district infrastructure inventory (e.g. OSDMA),,,"the storm's year, to join against imd_cyclone_frequency_1891_2016.csv",MEKUNU,2018-003,ARB,False,3.0,40.9,,,,,
