folder,filename,base_id,width,height,mode,bytes,corrupt
raw,101.jpg,101,357,357,RGB,45091,False
raw,102.jpg,102,166,166,RGB,14074,False
raw,106.jpg,106,358,357,RGB,48607,False
raw,111.jpg,111,356,358,RGB,39036,False
raw,112.jpg,112,357,357,RGB,47874,False
raw,115.jpg,115,355,359,RGB,46059,False
raw,118.jpg,118,354,357,RGB,49778,False
raw,119.jpg,119,358,358,RGB,47462,False
raw,128.jpg,128,356,358,RGB,45268,False
raw,25.jpg,25,356,349,RGB,29035,False
raw,27.jpg,27,356,354,RGB,30283,False
raw,28.jpg,28,357,351,RGB,39276,False
raw,30(1).jpg,30,359,356,RGB,53204,False
raw,30.jpg,30,358,353,RGB,47301,False
raw,31.jpg,31,358,358,RGB,37446,False
raw,32(1).jpg,32,259,260,RGB,32371,False
raw,32.jpg,32,352,357,RGB,30954,False
raw,33(1).jpg,33,259,260,RGB,26219,False
raw,33(2).jpg,33,354,349,RGB,56173,False
raw,33.jpg,33,360,354,RGB,36223,False
raw,34(!).jpg,34,357,358,RGB,54597,False
raw,34.jpg,34,360,358,RGB,38347,False
raw,35(1).jpg,35,354,356,RGB,29750,False
raw,35(2).jpg,35,357,359,RGB,43335,False
raw,35(3).jpg,35,262,259,RGB,29543,False
raw,35.jpg,35,354,357,RGB,43906,False
raw,36(1).jpg,36,358,353,RGB,51412,False
raw,36(2).jpg,36,258,258,RGB,28587,False
raw,36(3).jpg,36,260,259,RGB,25145,False
raw,36.jpg,36,356,355,RGB,34394,False
raw,37.jpg,37,360,357,RGB,39851,False
raw,38.jpg,38,357,358,RGB,57331,False
raw,39.jpg,39,262,257,RGB,34554,False
raw,40(1).jpg,40,359,357,RGB,38745,False
raw,40(2).jpg,40,360,357,RGB,33802,False
raw,40(3).jpg,40,358,359,RGB,46172,False
raw,40.jpg,40,356,359,RGB,40552,False
raw,41.jpg,41,358,359,RGB,42456,False
raw,42(3).jpg,42,355,355,RGB,36122,False
raw,42.jpg,42,360,355,RGB,50122,False
raw,43(2).jpg,43,261,260,RGB,23730,False
raw,43.jpg,43,359,355,RGB,42469,False
raw,44(1).jpg,44,357,356,RGB,30521,False
raw,44(2).jpg,44,355,359,RGB,56408,False
raw,44(3).jpg,44,357,358,RGB,51835,False
raw,44.jpg,44,358,358,RGB,58195,False
raw,45(1).jpg,45,359,356,RGB,62632,False
raw,45(2).jpg,45,359,357,RGB,45100,False
raw,45(3).jpg,45,358,357,RGB,33726,False
raw,45(4).jpg,45,355,355,RGB,43969,False
raw,45.jpg,45,358,358,RGB,41150,False
raw,46(1).jpg,46,358,356,RGB,57282,False
raw,46(3).jpg,46,261,261,RGB,32731,False
raw,46.jpg,46,359,360,RGB,33038,False
raw,47(1).jpg,47,356,355,RGB,44158,False
raw,47(2).jpg,47,360,358,RGB,51870,False
raw,47(3).jpg,47,258,261,RGB,27523,False
raw,47(4).jpg,47,356,358,RGB,59641,False
raw,47.jpg,47,356,359,RGB,35159,False
raw,48(1).jpg,48,360,358,RGB,36741,False
raw,48(2).jpg,48,355,351,RGB,45718,False
raw,48(3).jpg,48,259,258,RGB,30337,False
raw,48.jpg,48,359,355,RGB,42597,False
raw,49(1).jpg,49,358,355,RGB,46274,False
raw,49(2).jpg,49,262,260,RGB,27044,False
raw,49.jpg,49,356,357,RGB,49708,False
raw,50(1).jpg,50,359,356,RGB,45349,False
raw,50(2).jpg,50,260,260,RGB,23500,False
raw,50.jpg,50,354,357,RGB,42737,False
raw,51(1).jpg,51,357,358,RGB,38923,False
raw,51.jpg,51,358,358,RGB,33942,False
raw,52(1).jpg,52,359,359,RGB,42980,False
raw,52.jpg,52,359,357,RGB,43581,False
raw,53(1).jpg,53,356,357,RGB,48525,False
raw,53(2).jpg,53,260,262,RGB,31418,False
raw,53(3).jpg,53,261,259,RGB,30294,False
raw,53.jpg,53,356,354,RGB,48854,False
raw,54 2.jpg,54,357,360,RGB,46295,False
raw,54.jpg,54,359,354,RGB,45983,False
raw,55(2).jpg,55,353,358,RGB,44293,False
raw,55.JPEG,55,358,358,RGB,27864,False
raw,56.jpg,56,358,357,RGB,44939,False
raw,57(1).jpg,57,356,355,RGB,38939,False
raw,57(2).jpg,57,357,358,RGB,46246,False
raw,57.jpg,57,356,358,RGB,40675,False
raw,58(1).jpg,58,355,356,RGB,51104,False
raw,58.jpg,58,355,359,RGB,35954,False
raw,59(1).jpg,59,351,355,RGB,36315,False
raw,59(2).jpg,59,356,354,RGB,56062,False
raw,59.jpg,59,358,358,RGB,41934,False
raw,59_LUBAN 2.jpg,59,286,288,RGB,28252,False
raw,59_LUBAN.jpg,59,287,286,RGB,27929,False
raw,60(1).jpg,60,356,356,RGB,43104,False
raw,60(2).jpg,60,358,359,RGB,56521,False
raw,60.jpg,60,356,355,RGB,38665,False
raw,61(1).jpg,61,353,354,RGB,35942,False
raw,61(2).jpg,61,359,358,RGB,44806,False
raw,61.jpg,61,356,356,RGB,30853,False
raw,62.jpg,62,359,356,RGB,31049,False
raw,63(1).jpg,63,359,359,RGB,56084,False
raw,63(2).jpg,63,357,354,RGB,48094,False
raw,63.jpg,63,359,355,RGB,44278,False
raw,64(1).jpg,64,357,359,RGB,50230,False
raw,64(2).jpg,64,261,262,RGB,31541,False
raw,64.jpg,64,358,354,RGB,40055,False
raw,65(2).jpg,65,260,262,RGB,27882,False
raw,65(3).jpg,65,261,259,RGB,29658,False
raw,65.jpg,65,358,356,RGB,45775,False
raw,67 2.jpg,67,356,357,RGB,30531,False
raw,67(1).jpg,67,357,357,RGB,42373,False
raw,67.jpg,67,358,357,RGB,30774,False
raw,68(1).jpg,68,357,358,RGB,53946,False
raw,68.jpg,68,354,357,RGB,47795,False
raw,69(1).jpg,69,260,262,RGB,30555,False
raw,69.jpg,69,358,357,RGB,44386,False
raw,70.jpg,70,359,357,RGB,39720,False
raw,73.jpg,73,354,355,RGB,42053,False
raw,74(1).jpg,74,359,359,RGB,39706,False
raw,74(2).jpg,74,353,359,RGB,51699,False
raw,74.jpg,74,359,357,RGB,43089,False
raw,75.jpg,75,262,262,RGB,30808,False
raw,77(1).jpg,77,356,355,RGB,42718,False
raw,77.jpg,77,360,357,RGB,44170,False
raw,81 2.jpg,81,359,359,RGB,37758,False
raw,81.jpg,81,355,358,RGB,35468,False
raw,82(1).jpg,82,260,260,RGB,30566,False
raw,82.jpg,82,358,356,RGB,38071,False
raw,83(1).jpg,83,357,359,RGB,41498,False
raw,84 2.jpg,84,357,355,RGB,38270,False
raw,84.jpg,84,358,353,RGB,39697,False
raw,85(1).jpg,85,358,358,RGB,38609,False
raw,85(2).jpg,85,358,357,RGB,33027,False
raw,85.jpg,85,357,357,RGB,46194,False
raw,86(1).jpg,86,359,356,RGB,55780,False
raw,86(2).jpg,86,261,262,RGB,28574,False
raw,86.jpg,86,356,357,RGB,36480,False
raw,87.jpg,87,356,353,RGB,45259,False
raw,94.jpg,94,356,356,RGB,39698,False
raw,98.jpg,98,356,355,RGB,43782,False
raw,99.jpg,99,358,356,RGB,33286,False
infrared,101.jpg,101,357,357,RGB,65391,False
infrared,102.jpg,102,166,166,RGB,20105,False
infrared,106.jpg,106,358,357,RGB,76355,False
infrared,111.jpg,111,356,358,RGB,49955,False
infrared,112.jpg,112,357,357,RGB,72971,False
infrared,115.jpg,115,355,359,RGB,66660,False
infrared,118.jpg,118,354,357,RGB,82718,False
infrared,119.jpg,119,358,358,RGB,77716,False
infrared,128.jpg,128,356,358,RGB,62360,False
infrared,25.jpg,25,356,357,RGB,37659,False
infrared,27.jpg,27,358,358,RGB,49969,False
infrared,28.jpg,28,359,359,RGB,57452,False
infrared,30(1).jpg,30,357,358,RGB,75116,False
infrared,30.jpg,30,357,358,RGB,66896,False
infrared,31.jpg,31,357,357,RGB,50626,False
infrared,32(1).jpg,32,259,260,RGB,42035,False
infrared,32.jpg,32,352,357,RGB,43003,False
infrared,33(1).jpg,33,259,260,RGB,34052,False
infrared,33(2).jpg,33,354,349,RGB,85096,False
infrared,33.jpg,33,360,354,RGB,52632,False
infrared,34(1).jpg,34,357,358,RGB,90285,False
infrared,34.jpg,34,360,358,RGB,51299,False
infrared,35(1).jpg,35,354,356,RGB,37132,False
infrared,35(2).jpg,35,357,359,RGB,58011,False
infrared,35(3).jpg,35,262,259,RGB,41605,False
infrared,35.jpg,35,354,357,RGB,66837,False
infrared,36(1).jpg,36,358,353,RGB,73137,False
infrared,36(2).jpg,36,258,258,RGB,38563,False
infrared,36(3).jpg,36,260,259,RGB,33440,False
infrared,36.jpg,36,356,355,RGB,47852,False
infrared,37.jpg,37,360,357,RGB,54951,False
infrared,38.jpg,38,357,358,RGB,84246,False
infrared,39.jpg,39,262,257,RGB,42355,False
infrared,40(1).jpg,40,359,357,RGB,50048,False
infrared,40(2).jpg,40,360,357,RGB,44484,False
infrared,40(3).jpg,40,358,359,RGB,75972,False
infrared,40.jpg,40,356,359,RGB,61567,False
infrared,41.jpg,41,358,359,RGB,63696,False
infrared,42(3).jpg,42,355,355,RGB,49047,False
infrared,42.jpg,42,360,355,RGB,78103,False
infrared,43(2).jpg,43,261,260,RGB,29616,False
infrared,43.jpg,43,359,355,RGB,64756,False
infrared,44(1).jpg,44,357,356,RGB,47835,False
infrared,44(2).jpg,44,355,359,RGB,81670,False
infrared,44(3).jpg,44,357,358,RGB,73058,False
infrared,44.jpg,44,358,358,RGB,84588,False
infrared,45(1).jpg,45,359,356,RGB,91164,False
infrared,45(2).jpg,45,359,357,RGB,70414,False
infrared,45(3).jpg,45,358,357,RGB,40289,False
infrared,45(4).jpg,45,355,355,RGB,72252,False
infrared,45.jpg,45,358,358,RGB,61233,False
infrared,46(1).jpg,46,358,356,RGB,93493,False
infrared,46(3).jpg,46,261,261,RGB,44833,False
infrared,46.jpg,46,357,358,RGB,47488,False
infrared,47(1).jpg,47,356,355,RGB,59545,False
infrared,47(2).jpg,47,358,357,RGB,78715,False
infrared,47(3).jpg,47,258,261,RGB,37572,False
infrared,47(4).jpg,47,356,358,RGB,88482,False
infrared,47.jpg,47,356,359,RGB,50725,False
infrared,48(1).jpg,48,359,359,RGB,74066,False
infrared,48(2).jpg,48,355,351,RGB,67447,False
infrared,48(3).jpg,48,259,258,RGB,41774,False
infrared,48.jpg,48,356,358,RGB,56499,False
infrared,49(1).jpg,49,358,355,RGB,74318,False
infrared,49(2).jpg,49,261,262,RGB,35683,False
infrared,49.jpg,49,356,357,RGB,72054,False
infrared,50(1).jpg,50,359,356,RGB,62616,False
infrared,50(2).jpg,50,260,260,RGB,34434,False
infrared,50.jpg,50,354,357,RGB,60167,False
infrared,51(1).jpg,51,357,358,RGB,56494,False
infrared,51.jpg,51,358,358,RGB,44399,False
infrared,52(1).jpg,52,357,359,RGB,64620,False
infrared,52.jpg,52,359,357,RGB,56616,False
infrared,53(1).jpg,53,356,357,RGB,69980,False
infrared,53(2).jpg,53,260,262,RGB,48348,False
infrared,53(3).jpg,53,261,259,RGB,48039,False
infrared,53.jpg,53,356,354,RGB,69793,False
infrared,54.jpg,54,359,354,RGB,64793,False
infrared,55(2).jpg,55,353,358,RGB,76856,False
infrared,55.jpg,55,357,358,RGB,59246,False
infrared,56.jpg,56,358,357,RGB,62435,False
infrared,57(1).jpg,57,356,355,RGB,59732,False
infrared,57(2).jpg,57,357,358,RGB,76269,False
infrared,57.jpg,57,356,358,RGB,56802,False
infrared,58(1).jpg,58,355,356,RGB,80823,False
infrared,58.jpg,58,355,359,RGB,48188,False
infrared,59(1).jpg,59,351,355,RGB,53775,False
infrared,59(2).jpg,59,356,354,RGB,87344,False
infrared,59(3).jpg,59,287,286,RGB,38658,False
infrared,59.jpg,59,358,358,RGB,55663,False
infrared,60(1).jpg,60,356,356,RGB,71329,False
infrared,60(2).jpg,60,358,359,RGB,91387,False
infrared,60.jpg,60,355,359,RGB,58319,False
infrared,61(1).jpg,61,353,354,RGB,59025,False
infrared,61(2).jpg,61,359,358,RGB,62082,False
infrared,61.jpg,61,356,356,RGB,43872,False
infrared,62.jpg,62,359,356,RGB,39485,False
infrared,63(1).jpg,63,359,359,RGB,92416,False
infrared,63(2).jpg,63,357,354,RGB,80045,False
infrared,63.jpg,63,359,355,RGB,62826,False
infrared,64(1).jpg,64,357,359,RGB,68569,False
infrared,64(2).jpg,64,261,262,RGB,46686,False
infrared,64.jpg,64,358,354,RGB,59891,False
infrared,65(2).jpg,65,260,260,RGB,35944,False
infrared,65(3).jpg,65,261,259,RGB,45883,False
infrared,65.jpg,65,356,359,RGB,64951,False
infrared,67(1).jpg,67,357,357,RGB,70897,False
infrared,67.jpg,67,356,357,RGB,39058,False
infrared,68.jpg,68,354,357,RGB,67470,False
infrared,69(1).jpg,69,260,262,RGB,42225,False
infrared,69.jpg,69,358,357,RGB,57889,False
infrared,70.jpg,70,356,357,RGB,51648,False
infrared,73.jpg,73,354,355,RGB,69522,False
infrared,74(1).jpg,74,358,359,RGB,61516,False
infrared,74(2).jpg,74,353,359,RGB,80846,False
infrared,74.jpg,74,359,357,RGB,59512,False
infrared,75.jpg,75,262,262,RGB,48120,False
infrared,77(1).jpg,77,356,353,RGB,62507,False
infrared,77.jpg,77,360,357,RGB,68977,False
infrared,81(1).jpg,81,357,358,RGB,80110,False
infrared,81.jpg,81,355,358,RGB,52059,False
infrared,82(1).jpg,82,257,261,RGB,45030,False
infrared,82.jpg,82,358,356,RGB,50993,False
infrared,83(1).jpg,83,357,359,RGB,55780,False
infrared,84(1).jpg,84,357,355,RGB,58207,False
infrared,84.jpg,84,355,359,RGB,57747,False
infrared,85(1).jpg,85,356,358,RGB,50741,False
infrared,85(2).jpg,85,358,357,RGB,43155,False
infrared,85.jpg,85,357,357,RGB,68221,False
infrared,86(1).jpg,86,359,356,RGB,80577,False
infrared,86(2).jpg,86,261,262,RGB,41762,False
infrared,86.jpg,86,356,357,RGB,49392,False
infrared,87.jpg,87,356,353,RGB,71722,False
infrared,94.jpg,94,356,356,RGB,54840,False
infrared,98.jpg,98,356,355,RGB,76788,False
infrared,99.jpg,99,358,356,RGB,50411,False
reference,101.jpeg,101,1201,901,RGB,164550,False
reference,102.jpeg,102,561,420,RGB,57711,False
reference,106.jpeg,106,1200,900,RGB,173614,False
reference,111.jpeg,111,1200,900,RGB,144903,False
reference,112.jpeg,112,1200,900,RGB,172282,False
reference,115.jpeg,115,1200,900,RGB,164800,False
reference,118.jpeg,118,1201,901,RGB,191431,False
reference,119.jpeg,119,1201,901,RGB,187647,False
reference,128.jpeg,128,1200,900,RGB,154406,False
reference,25.jpeg,25,1200,900,RGB,119357,False
reference,27.jpeg,27,1200,900,RGB,132932,False
reference,28.jpeg,28,1201,901,RGB,153783,False
reference,30(1).jpeg,30,1201,901,RGB,180340,False
reference,30.jpeg,30,1200,900,RGB,159353,False
reference,31.jpeg,31,1200,900,RGB,132865,False
reference,32(1).jpeg,32,875,656,RGB,111360,False
reference,32.jpeg,32,1200,900,RGB,129747,False
reference,33(1).jpeg,33,875,656,RGB,90286,False
reference,33(2).jpeg,33,1201,901,RGB,198905,False
reference,33.jpeg,33,1200,900,RGB,136545,False
reference,34(!).jpeg,34,1200,900,RGB,195226,False
reference,34.jpeg,34,1200,900,RGB,137045,False
reference,35(1).jpeg,35,1201,901,RGB,123718,False
reference,35(2).jpeg,35,1200,900,RGB,149771,False
reference,35(3).jpeg,35,875,656,RGB,100047,False
reference,35.jpeg,35,1200,900,RGB,160315,False
reference,36(1).jpeg,36,1200,900,RGB,164701,False
reference,36(2).jpeg,36,875,656,RGB,96176,False
reference,36(3).jpeg,36,875,656,RGB,89633,False
reference,36.jpeg,36,1200,900,RGB,130629,False
reference,37.jpeg,37,1200,900,RGB,143675,False
reference,38.jpeg,38,1200,900,RGB,184505,False
reference,39.jpeg,39,875,656,RGB,112182,False
reference,40(1).jpeg,40,1200,900,RGB,134408,False
reference,40(2).jpeg,40,1200,900,RGB,130372,False
reference,40(3).jpeg,40,1201,901,RGB,182057,False
reference,40.jpeg,40,1200,900,RGB,159285,False
reference,41.jpeg,41,1200,900,RGB,162678,False
reference,42(3).jpeg,42,1201,901,RGB,142885,False
reference,42.jpeg,42,1200,900,RGB,171877,False
reference,43(2).jpeg,43,875,656,RGB,83730,False
reference,43.jpeg,43,1200,900,RGB,164361,False
reference,44(1).jpeg,44,1200,900,RGB,138225,False
reference,44(2).jpeg,44,1200,900,RGB,180285,False
reference,44(3).jpeg,44,1201,901,RGB,178501,False
reference,44.jpeg,44,1200,900,RGB,186208,False
reference,45(1).jpeg,45,1200,900,RGB,194877,False
reference,45(2).jpeg,45,1200,900,RGB,164963,False
reference,45(3).jpeg,45,1200,900,RGB,123599,False
reference,45(4).jpeg,45,1201,901,RGB,177773,False
reference,45.jpeg,45,1200,900,RGB,155443,False
reference,46(1).jpeg,46,1200,900,RGB,196084,False
reference,46(2).jpeg,46,6400,4800,RGB,3573287,False
reference,46(3).jpeg,46,875,656,RGB,105459,False
reference,46.jpeg,46,1200,900,RGB,141829,False
reference,47(1).jpeg,47,1200,900,RGB,150182,False
reference,47(2).jpeg,47,1200,900,RGB,180103,False
reference,47(3).jpeg,47,875,656,RGB,93280,False
reference,47(4).jpeg,47,1201,901,RGB,195263,False
reference,47.jpeg,47,1200,900,RGB,143381,False
reference,48(1).jpeg,48,1200,900,RGB,162387,False
reference,48(2).jpeg,48,1200,900,RGB,159787,False
reference,48(3).jpeg,48,875,656,RGB,100215,False
reference,48.jpeg,48,1200,900,RGB,146187,False
reference,49(1).jpeg,49,1200,900,RGB,175049,False
reference,49(2).jpeg,49,875,656,RGB,91558,False
reference,49.jpeg,49,1201,901,RGB,167111,False
reference,50(1).jpeg,50,1200,900,RGB,155098,False
reference,50(2).jpeg,50,875,656,RGB,91785,False
reference,50.jpeg,50,1200,900,RGB,156521,False
reference,51(1).jpeg,51,1201,901,RGB,148120,False
reference,51.jpeg,51,1200,900,RGB,132251,False
reference,52(1).jpeg,52,1201,901,RGB,170299,False
reference,52.jpeg,52,1200,900,RGB,142728,False
reference,53(1).jpeg,53,1200,900,RGB,165325,False
reference,53(2).jpeg,53,875,656,RGB,112229,False
reference,53(3).jpeg,53,875,656,RGB,105046,False
reference,53.jpeg,53,1200,900,RGB,362328,False
reference,54.jpeg,54,1201,901,RGB,165252,False
reference,55(1).jpeg,55,6400,4800,RGB,3412288,False
reference,55(2).jpeg,55,1200,900,RGB,175711,False
reference,55.jpeg,55,1200,900,RGB,147899,False
reference,56.jpeg,56,1200,900,RGB,158196,False
reference,57(1).jpeg,57,1200,900,RGB,149538,False
reference,57(2).jpeg,57,1200,900,RGB,173140,False
reference,57.jpeg,57,1200,900,RGB,149912,False
reference,58(1).jpeg,58,1201,901,RGB,182952,False
reference,58.jpeg,58,1200,900,RGB,136960,False
reference,59(1).jpeg,59,1200,900,RGB,148515,False
reference,59(2).jpeg,59,1200,900,RGB,188836,False
reference,59.jpeg,59,1200,900,RGB,146224,False
reference,59_LUBAN.png,59,1828,777,RGBA,1245409,False
reference,60(1).jpeg,60,1200,900,RGB,170042,False
reference,60(2).jpeg,60,1200,900,RGB,192625,False
reference,60.jpeg,60,1200,900,RGB,149703,False
reference,61(1).jpeg,61,1201,901,RGB,149713,False
reference,61(2).jpeg,61,1201,901,RGB,154316,False
reference,61.jpeg,61,1200,900,RGB,130159,False
reference,62.jpeg,62,1201,901,RGB,124585,False
reference,63(1).jpeg,63,1200,900,RGB,193257,False
reference,63(2).jpeg,63,1201,901,RGB,196301,False
reference,63.jpeg,63,1200,900,RGB,158753,False
reference,64(1).jpeg,64,1200,900,RGB,162660,False
reference,64(2).jpeg,64,875,656,RGB,107215,False
reference,64.jpeg,64,1201,901,RGB,156059,False
reference,65(1).jpeg,65,1201,901,RGB,165252,False
reference,65(2).jpeg,65,875,656,RGB,93108,False
reference,65(3).jpeg,65,875,656,RGB,109901,False
reference,65.jpeg,65,1200,900,RGB,162805,False
reference,66.jpeg,66,1200,900,RGB,123204,False
reference,67(1).jpeg,67,1200,900,RGB,164201,False
reference,67.jpeg,67,1200,900,RGB,123204,False
reference,67.png,67,1828,777,RGBA,1245409,False
reference,68(1).jpeg,68,1201,901,RGB,194542,False
reference,68.jpeg,68,1201,901,RGB,169133,False
reference,69(1).jpeg,69,875,656,RGB,111858,False
reference,69.jpeg,69,1201,901,RGB,147739,False
reference,70.jpeg,70,1200,900,RGB,143543,False
reference,73.jpeg,73,1200,900,RGB,161315,False
reference,74(1).jpeg,74,1200,900,RGB,154726,False
reference,74(2).jpeg,74,1201,901,RGB,192847,False
reference,74.jpeg,74,1200,900,RGB,153198,False
reference,75.jpeg,75,875,656,RGB,109894,False
reference,77(1).jpeg,77,1200,900,RGB,161006,False
reference,77.jpeg,77,1200,900,RGB,165880,False
reference,81.jpeg,81,1200,900,RGB,140819,False
reference,82(1).jpeg,82,875,656,RGB,108114,False
reference,82.jpeg,82,1200,900,RGB,134117,False
reference,83(1).jpeg,83,1200,900,RGB,140159,False
reference,83.jpeg,83,1200,900,RGB,140819,False
reference,84(1).jpeg,84,1200,900,RGB,152899,False
reference,84.jpeg,84,1200,900,RGB,152899,False
reference,85(1).jpeg,85,1200,900,RGB,140210,False
reference,85(2).jpeg,85,1201,901,RGB,128894,False
reference,85.jpeg,85,1200,900,RGB,169230,False
reference,86(1).jpeg,86,1200,900,RGB,176100,False
reference,86(2).jpeg,86,875,656,RGB,100829,False
reference,86.jpeg,86,1201,901,RGB,140000,False
reference,87.jpeg,87,1200,900,RGB,167808,False
reference,91.jpeg,91,6400,4800,RGB,3405942,False
reference,94.jpeg,94,1200,900,RGB,152828,False
reference,98.jpeg,98,1200,900,RGB,174063,False
reference,99.jpeg,99,1200,900,RGB,133294,False
