filename,base_id,ocr_text
101.jpeg,101,"Raw Image Brightness Temperature Contours 2905"" 900 @50- 800 230 800 600 700 400 290  2210 ` 600 730250 250 200 BT Calibrated Image Cloud Height (km) 16 300 14 20 280 12 15 260 10 10 240 220 200 150 20 200 100 150 100 50 50 2013-10-12-0400 TC Center: LAT: 17.95 N LON: 85.90 E 290 ""290 _ 8 6 770"
102.jpeg,102,"Raw Image Brightness Temperature Contours 900 47q 800 850 800 600 750 700 400 650 600 200 BT Calibrated Image Cloud Height (km) 280 280 240 220 20Q 200 5q00 100 2013-10-12-0200 TC Center: LAT: 17.90 N LON: 86.20 E 4290"""
106.jpeg,106,Raw Image (INSAT-3D TIRI) Brightness Temperature Contours 900 8z78 800 800 600 700 400 600 500 200 BT Calibrated Image Cloud Height (km) 18 300 16 280 20 14 15 260 12 10 10 240 220 200 400 300 200 300 100 200 100 LAT: 13.48 N LON: 55.74 E 24MAY20180330
111.jpeg,111,"Raw Image Brightness Temperature Contours 900 8 Rzo 800 210 800 290 600 700 1, 400 8 600 200 370 BT Calibrated Image Cloud Height (km) 18 16 280 20 14 260 15 12 240 10 10 220 200 200 150 100 150 100 50 50 LAT: 13.09 N LON: 84.95 E 27NOV20130330 8 2290"" 270 290"
112.jpeg,112,Raw Image (INSAT-3D TIRI) Brightness Temperature Contours 900 3800 67703 800 800 300 700 600 600 400 500 400 200 BT Calibrated Image Cloud Height (km) 18 300 16 20 14 280 15 12 260 10 10 240 220 400 200 300 200 300 100 200 100 LAT: 14.03 N LON: 83.66 E O1MAY20190330 (300'
115.jpeg,115,Raw Image Brightness Temperature Contours 7290 210 900 800 800 600 700 400 793 200 600 BT Calibrated Image Cloud Height (km) 16 280 20 14 260 15 12 240 10 10 220 200 200 150 100 150 100 50 50 2014-10-11 22142 TC Center: LAT: 17.30 N LON: 84.80 E
118.jpeg,118,Raw Image (INSAT-3D TIRI) Brightness Temperature Contours 900 900 800 800 700 700 600 500 600 400 500 300 BT Calibrated Image Cloud Height (km) 18 300 16 20 280 14 15 12 260 10 10 240 220 400 200 300 200 300 200 100 100 LAT: 16.27 N LON: 85.81 E 19MAY20200300
119.jpeg,119,Raw Image (INSAT-3D TIRI) Brightness Temperature Contours 900 900 800 800 700 700 600 500 600 400 500 300 BT Calibrated Image Cloud Height (km) 18 300 16 20 280 14 15 12 260 10 10 240 220 400 200 300 200 300 200 100 100 LAT: 20.29 N LON: 86.79 E 2OMAY20200330
128.jpeg,128,Raw Image (INSAT-3D TIRI) Brightness Temperature Contours 900 800 800 600 700 400 600 200 500 BT Calibrated Image Cloud Height (km) 18 16 280 20 14 260 15 12 10 10 240 220 200 400 300 200 300 100 200 100 LAT: 15.06 N LON: 54.16 E 25MAY20180300
25.jpeg,25,"Raw Image Brightness Temperature Contours 900 800 800 600 700 90 400 600 200 290 BT Calibrated Image Cloud Height (km) 14 20 280 12 15 10 260 10 240 220 200 150 100 150 100 50 50 LAT: 10.65 N LON: 80.51 E 12DEC20130400 ~290' 7290 290"" 8 290"
27.jpeg,27,Raw Image Brightness Temperature Contours 900 800 800 90 29 600 700 10 600 400 290_ 500 29896 200 BT Calibrated Image Cloud Height (km) 15 300 20 280 15 10 260 10 240 220 200 150 100 150 100 50 50 LAT: 13.76 N LON: 64.49 E OSNOV20150744 ~290 290
28.jpeg,28,Raw Image (INSAT-3D TIRI) Brightness Temperature Contours 900 900 206 800 800 700 700 600 600 500 400 500 27t 300 400 BT Calibrated Image Cloud Height (km) 18 16 300 20 14 280 12 15 260 10 10 240 220 400 200 300 200 300 200 100 100 LAT: 10.31 N LON: 52.10 E 22NOV20200830 7300 7300:
30(1).jpeg,30,Raw Image (INSAT-3D TIRI) Brightness Temperature Contours 900 900 800 800 700 600 700 500 400 600 300 BT Calibrated Image Cloud Height (km) 18 16 280 20 14 260 15 12 240 10 10 220 200 400 300 200 300 200 100 100 LAT: 9.00 N LON: 80.10 E 03DEC2O200230
30.jpeg,30,Raw Image (INSAT-3D TIRI) Brightness Temperature Contours 900 800 800 sdo 600 700 400 600 500 200 BT Calibrated Image Cloud Height (km) 18 300 16 20 280 14 15 260 12 10 10 240 220 200 400 300 200 300 100 200 100 LAT: 12.96 N LON: 84.83 E 14NOV20180300
31.jpeg,31,"Raw Image Brightness Temperature Contours 2290 900 2290"" 290 800 2707 $ 800 600 700 270 400 8 600 290 200 BT Calibrated Image Cloud Height (km) 20 12 280 15 10 260 10 240 200 220 150 100 150 100 50 50 LAT: 15.25 N LON: 83.73 E M1DEC20130330"
32(1).jpeg,32,Raw Image (INSAT-3D TIRI) Brightness Temperature Contours 900 900 800 800 700 700 600 600 500 500 400 300 400 BT Calibrated Image Cloud Height (km) 300 20 15 280 15 260 10 10 240 220 200 400 300 400 200 300 100 100 200 LAT: 22.70 N LON: 68.15 E 30SEP20210930
32.jpeg,32,Raw Image Brightness Temperature Contours 900 -90 800 800 2 '290 600 700 290 400 600 8 200 BT Calibrated Image Cloud Height (km) 14 20 12 280 15 10 260 10 240 220 200 150 100 150 100 50 50 LAT: 13.04 N LON: 61.74 E O6NOV20150345 8 216 2290 290
33(1).jpeg,33,Raw Image (INSAT-3D TIRI) Brightness Temperature Contours 270 900 900 800 800 700 600 700 500 400 600 300 BT Calibrated Image Cloud Height (km) 280 20 15 260 15 240 10 10 220 200 400 300 400 200 300 100 100 200 LAT: 8.10 N LON: 53.10 E O6DEC20190330
33(2).jpeg,33,Raw Image (INSAT-3D TIRI) Brightness Temperature Contours 900 900 800 800 700 600 700 500 400 600 300 BT Calibrated Image Cloud Height (km) 18 16 280 20 14 260 15 12 240 10 10 220 200 400 300 200 300 200 100 100 LAT: 7.80 N LON: 86.20 E O1DEC20200330
33.jpeg,33,Raw Image Brightness Temperature Contours 900 800 800 5290 600 700 600 400 270 500 200 BT Calibrated Image Cloud Height (km) 300 12 20 10 280 15 10 260 240 200 220 150 100 150 100 50 50 LAT: 15.57 N LON: 84.28 E M1DEC20130900 1290 270'
34(!).jpeg,34,"Raw Image (INSAT-3D TIRI) Brightness Temperature Contours 67 900 800 800 600 700 400 600 500 200 BT Calibrated Image Cloud Height (km) 300 18 16 280 20 14 260 15 12 10 10 240 220 200 400 300 200 300 100 200 100 LAT: 17.94 N LON: 88.07 E 2OSEP20180700 22783, 3"
34.jpeg,34,Raw Image Brightness Temperature Contours 900 290 800 800 600 700 29 ~290 400 600 9 200 BT Calibrated Image Cloud Height (km) 14 280 20 12 15 10 260 10 240 220 200 150 100 150 100 50 50 LAT: 16.33 N LON: 81.33 E 28NOV20130330 '2902
35(1).jpeg,35,Raw Image Brightness Temperature Contours 900 90 800 800 290 600 700 400 86290  2902 600 4290 200 Dar- BT Calibrated Image Cloud Height (km) 16 20 14 280 12 15 260 10 10 240 220 200 150 20 200 100 150 100 50 50 LAT: 13.16 N LON: 59.50 E O7NOV20150245 2290_ 290 290
35(2).jpeg,35,Raw Image (INSAT-3D TIRI) Brightness Temperature Contours 900 800 800 700 600 600 400 500 400 200 BT Calibrated Image Cloud Height (km) 18 16 300 20 14 280 15 12 260 10 10 240 220 400 200 300 200 300 100 200 100 LAT: 10.99 N LON: 82.07 E 15NOV20180830 4 8 8 7300 9
35(3).jpeg,35,Raw Image (INSAT-3D TIRI) Brightness Temperature Contours 900 900 800 800 700 600 700 500 600 400 300 500 BT Calibrated Image Cloud Height (km) 300 20 15 280 15 260 10 10 240 220 400 200 300 400 200 300 100 100 200 LAT: 22.70 N LON: 69.55 E 30SEP20210400
35.jpeg,35,Raw Image Brightness Temperature Contours 7290 G90 900 270 800 800 600 700 400 600 350 2 200 BT Calibrated Image Cloud Height (km) 20 12 280 15 10 260 10 240 200 220 150 100 150 100 50 50 LAT: 13.99 N LON: 64.77 E 29OCT20150345 290 8
36(1).jpeg,36,Raw Image (INSAT-3D TIRI) Brightness Temperature Contours 900 800 800 600 700 400 600 200 500 BT Calibrated Image Cloud Height (km) 300 16 20 14 280 12 15 260 10 10 240 220 400 300 200 200 300 100 200 100 LAT: 10.58 N LON: 80.41 E 01DEC2O160100
36(2).jpeg,36,Raw Image (INSAT-3D TIRI) Brightness Temperature Contours 900 900 800 800 700 600 700 500 400 600 300 BT Calibrated Image Cloud Height (km) 280 20 15 260 15 240 10 10 220 200 400 300 400 200 300 100 100 200` LAT: 6.97 N LON: 56.51 E 03DEC20190400
36(3).jpeg,36,Raw Image (INSAT-3D TIRI) Brightness Temperature Contours 900 900 800 800 700 600 700 500 400 600 300 BT Calibrated Image Cloud Height (km) 280 20 15 260 15 240 10 10 220 200 400 300 400 200 300 100 100 200` LAT: 9.64 N LON: 56.21 E O5DEC20190300
36.jpeg,36,Raw Image Brightness Temperature Contours 900 290 800 800 600 700 250 290 400 600 200 BT Calibrated Image Cloud Height (km) 300 20 12 280 15 10 260 10 240 200 220 150 100 150 100 50 50 LAT: 14.68 N LON: 47.64 E 03NOV20150245 ~290 3
37.jpeg,37,Raw Image Brightness Temperature Contours 290 7290 900 290 800 29 800 390 600 700 3z 290 400 600 290 200 290 BT Calibrated Image Cloud Height (km) 300 14 20 280 12 15 10 260 10 240 220 200 150 100 150 200 100 50 50 LAT: 12.87 N LON: 85.25 E O7NOV20140344 270 2290 3290
38.jpeg,38,Raw Image (INSAT-3D TIRI) Brightness Temperature Contours 900 800 800 600 700 400 600 200 BT Calibrated Image Cloud Height (km) 18 16 280 20 260 15 12 240 10 10 220 200 400 300 200 300 100 200 100 LAT: 14.33 N LON: 89.54 E 11NOV20180200
39.jpeg,39,Raw Image (INSAT-3D TIRI) Brightness Temperature Contours 900 900 800 800 700 600 700 500 400 600 300 BT Calibrated Image Cloud Height (km) 280 20 15 260 15 240 10 10 220 200 400 300 400 200 300 100 100 200 LAT: 14.93 N LON: 89.54 E 07NOV20190300 270 -
40(1).jpeg,40,Raw Image (INSAT-3D TIRI) Brightness Temperature Contours 900 800 800 600 700 400 600 200 BT Calibrated Image Cloud Height (km) 18 16 280 20 14 260 15 12 240 10 10 220 200 400 300 200 300 100 200 100 LAT: 16.70 N LON: 88.32 E 26OCT20160000 1270
40(2).jpeg,40,"Raw Image (INSAT-3D TIRI) Brightness Temperature Contours 900 300 304 ""0 800 800 700 600 600 400 500 400 200 BT Calibrated Image Cloud Height (km) 16 300 20 14 280 15 12 260 10 10 240 220 400 200 300 200 300 100 200 100 LAT: 19.55 N LON: 65.55 E 23SEP20190530 8"
40(3).jpeg,40,Raw Image (INSAT-3D TIRI) Brightness Temperature Contours 900 900 2R 800 800 700 700 600 500 600 400 500 300 2402 BT Calibrated Image Cloud Height (km) 18 300 16 20 280 14 15 12 260 10 10 240 220 200 400 300 200 300 200 100 100 LAT: 15.30 N LON: 90.00 E 23MAY20210330
40.jpeg,40,Raw Image Brightness Temperature Contours 67d' 290 900 290 800 'Go 800 600 700 290 400 600 8 200 BT Calibrated Image Cloud Height (km) 18 300 16 20 280 14 15 12 260 10 10 240 220 200 200 150 100 150 100 50 50 LAT: 12.17 N LON: 84.25 E 13MAY20130330 0290
41.jpeg,41,Raw Image Brightness Temperature Contours 42702 270 90 900 800 9850 = 800 600 700 400 600 2 200 BT Calibrated Image Cloud Height (km) 18 280 20 16 14 260 15 12 240 10 10 220 200 200 150 100 150 180 100 50 50 LAT: 12.49 N LON: 84.93 E 13MAY20130230 7270 { ~390270
42(3).jpeg,42,Raw Image (INSAT-3D TIRI) Brightness Temperature Contours 900 900 800 800 700 600 700 500 600 400 300 500 76e. BT Calibrated Image Cloud Height (km) 18 300 16 20 280 14 15 260 12 10 10 240 220 200 400 300 200 300 200 100 100 LAT: 16.50 N LON: 84.70 E 04DEC2O2106O0
42.jpeg,42,Raw Image (INSAT-3D TIRI) Brightness Temperature Contours 900 800 800 600 700 400 600 200 BT Calibrated Image Cloud Height (km) 18 16 280 20 260 15 12 240 10 10 220 200 400 300 200 300 100 200 100 LAT: 7.25 N LON: 77.51 E 3ONOV2O170330
43(2).jpeg,43,Raw Image (INSAT-3D TIRI) Brightness Temperature Contours 900 900 800 800 700 600 700 500 400 600 300 BT Calibrated Image Cloud Height (km) 15 280 20 15 260 10 10 240 220 400 200 300 400 200 300 100 100 200 LAT: 24.23 N LON: 58.95 E 03OOUTC 03OCT2021
43.jpeg,43,Raw Image Brightness Temperature Contours 900 290 800 250 230 800 600 700 400 600 200 210 BT Calibrated Image Cloud Height (km) 300 18 16 280 20 14 15 260 12 10 10 240 5 220 200 200 150 100 150 180 100 50 50 LAT: 12.57 N LON: 85.24 E 13MAY20130300
44(1).jpeg,44,"Raw Image Brightness Temperature Contours 900 800 8 800 8 600 700 600 400 500 200 ""876, BT Calibrated Image Cloud Height (km) 16 300 20 14 280 12 15 10 260 10 240 220 200 150 200 100 150 100 50 50 LAT: 18.47 N LON: 65.73 E 12JUN20140415 290 2909 ~270""- 290 2507"
44(2).jpeg,44,Raw Image (INSAT-3D TIRI) Brightness Temperature Contours 900 800 800 600 700 400 600 200 BT Calibrated Image Cloud Height (km) 18 16 280 20 260 15 12 240 10 10 220 200 400 300 200 300 100 200 100 LAT: 13.41 N LON: 86.68 E 13NOV20180230
44(3).jpeg,44,Raw Image (INSAT-3D TIRI) Brightness Temperature Contours 900 900 800 800 700 600 700 500 600 400 300 500 570 BT Calibrated Image Cloud Height (km) 18 300 16 20 280 14 15 12 260 10 10 240 220 400 200 300 200 300 200 100 100 LAT: 9.51 N LON: 82.10 E 24NOV20200530
44.jpeg,44,Raw Image (INSAT-3D TIRI) Brightness Temperature Contours 900 800 800 600 700 278 400 600 200 5 BT Calibrated Image Cloud Height (km) 18 16 280 20 14 260 15 12 240 10 10 220 200 400 300 200 300 100 200 100 LAT: 12.70 N LON: 90.94 E O9DEC2O160200 270 R704
45(1).jpeg,45,Raw Image (INSAT-3D TIRI) Brightness Temperature Contours 900 '70 800 800 3070 2 70 600 700 400 600 500 200 BT Calibrated Image Cloud Height (km) 300 16 20 14 280 12 15 260 10 10 240 220 400 300 200 200 300 100 200 100 LAT: 8.30 N LON: 84.07 E 3ONOV20160400
45(2).jpeg,45,"Raw Image Brightness Temperature Contours ""390 900 800 800 600 700 400 600 200 500 BT Calibrated Image Cloud Height (km) 300 16 20 14 280 15 12 260 10 10 240 220 200 200 150 100 150 100 50 50 LAT: 14.79 N LON: 80.92 E 19MAY20160345 8"
45(3).jpeg,45,Raw Image (INSAT-3D TIRI) Brightness Temperature Contours 900 300 309 800 800 1 600 700 600 400 500 200 BT Calibrated Image Cloud Height (km) 18 300 16 20 280 15 12 260 10 10 240 220 400 200 300 200 300 100 200 100 LAT: 20.16 N LON: 59.89 E 24SEP201904O0
45(4).jpeg,45,Raw Image (INSAT-3D TIRI) Brightness Temperature Contours 900 900 800 800 700 700 600 500 600 400 500 300 BT Calibrated Image Cloud Height (km) 18 300 16 20 280 14 15 12 260 10 10 240 220 400 200 300 200 300 200 100 100 LAT: 15.21 N LON: 71.28 E O2JUN2O200400
45.jpeg,45,Raw Image Brightness Temperature Contours 900 800 290 800 600 700 400 600 2501 270 200 500 BT Calibrated Image Cloud Height (km) 18 300 16 20 280 15 12 260 10 10 240 220 200 200 150 100 150 100 50 50 LAT: 14.37 N LON: 84.69 E 14MAY20130300 F290 ~290 ~
46(1).jpeg,46,Raw Image (INSAT-3D TIRI) Brightness Temperature Contours 900 800 800 600 700 400 600 500 200 BT Calibrated Image Cloud Height (km) 18 300 16 20 280 14 15 260 12 10 10 240 220 200 400 300 200 300 100 200 100 LAT: 12.22 N LON: 86.90 E 12NOV20180400
46(2).jpeg,46,"0930 UTC 12NQV2018 12NOV20180930 TIRI BT (K) 12NOV20180930 TIRZ BT (K) 12NOV20180930 WV BT (K) 315 315 260 300 300 250 15.34'NI 15.34'N 15.34'N 285 285 240 270 270 230 13.34'Ni 13.34'N 13.34'N 255 _ 255 _ ] 240 8 ] 240 8 7 220 8 11.34'Ni 11.34'N 11.34'N 210 225 225 200 210 210 9.34'N 9.34'Ni 9.34""Ni 195 195 190 7.34'N 180 7.381N8 180 7.34'N 180 81.68'E 83.68'E 85.68'€ 87.68'E 89.68'E 68*E 83.68E 85.68'E 87.68'E 89.68*E 81.68'E 83.68*E 85.68'E 87.68'E 89.68'E Longitude Longitude Longitude 12NOV20180930 MIR BT (K) 12NOV20180930 VIS Albedo (%) 12NOV20180930 SWIR Radiance 320 5.6 15.34*N 300 15,34'N 15.34*N 280 13.34'N 13,34'N 13.34'Ni 260 * ] 8 ] ] 3.2 11.34*N 240 11,34'N 11.34*N 2.4 220 1.6 34'Ni 9.34NI 9.34'N 200 0.8 7.349N 180 7.381N88 E 7.34CN 0.0 81.68E 83,68""E 85.68*€ 87.68*E 89.68PE 83.68PE 85.68PE 87.68PE 89.68""E 81.68*E 83,68""E 85.68*€ 87.68* 89.68*E Longitude Longitude Longitude 12NOV20180930 TIRI BT (K) 12NOV20180930( TIRI BD Curve Enhanced) Deg 12NOV20180930 (TIRI NHC Enhanced) Deg 315 280 300 98 15.34'Ni 15.34'N 3 15.34*N 285 270 13.34'N 13.34'N 13.34*N h280 255 _  240 8 ] J 11.34'Ni 11.34'N 11.34*N +10 225 210 34*N 34'N 34PN 195 7.34N 180 7.34*N 7.34'N 81.68PE 83.68PE 85.68'E 87.68'E 89.68'E 81.68*E 83.68*E 85.68PE 87.68*E 89.68* 81.68' 83.68* 85.68* 87.68* 89.68' Longitude Longitude Longitude 280"
46(3).jpeg,46,Raw Image (INSAT-3D TIRI) Brightness Temperature Contours 900 900 800 800 700 600 700 500 70 400 600 300 BT Calibrated Image Cloud Height (km) 280 20 15 260 15 240 10 10 220 200 400 300 400 200 300 100 100 200` LAT: 15.95 N LON: 85.75 E O9OOUTC 03DEC2021
46.jpeg,46,"Raw Image Brightness Temperature Contours 900 290 270~ 800 800 350 700 600 600 ~250 3 500 400 400 200 270 BT Calibrated Image Cloud Height (km) 16 320 20 14 300 12 15 10 280 260 10 240 220 200 200 150 100 50 50 LAT: 17.51 N LON: 64.27 E 12JUN20140845 290"" ^270"""
47(1).jpeg,47,Raw Image (INSAT-3D TIRI) Brightness Temperature Contours 900 800 800 600 700 600 400 800 300 500 200 BT Calibrated Image Cloud Height (km) 18 300 16 20 280 15 12 260 10 10 240 220 400 200 300 200 300 100 200 100 LAT: 16.70 N LON: 90.60 E 25OCT20160700 300
47(2).jpeg,47,Raw Image (INSAT-3D TIRI) Brightness Temperature Contours 900 800 800 600 700 600 400 500 200 BT Calibrated Image Cloud Height (km) 18 300 16 20 280 14 15 12 260 10 10 240 220 200 400 300 200 300 100 200 100 LAT: 11.89 N LON: 61.89 E O8OCT20180600 13004=
47(3).jpeg,47,Raw Image (INSAT-3D TIRI) Brightness Temperature Contours 900 900 800 800 700 600 700 500 400 600 300 BT Calibrated Image Cloud Height (km) 280 20 15 260 15 240 10 10 220 200 400 300 400 200 300 100 100 200 LAT: 7.64 N LON: 57.71 E O4DEC20190400
47(4).jpeg,47,Raw Image (INSAT-3D TIRI) Brightness Temperature Contours 900 900 800 800 700 600 700 500 400 600 300 BT Calibrated Image Cloud Height (km) 18 16 280 20 14 260 15 12 240 10 10 220 200 400 300 200 300 200 100 100 LAT: 8.40 N LON: 82.70 E O2DEC2O200230
47.jpeg,47,"Raw Image Brightness Temperature Contours 900 800 250 800 600 700 400 600 n50 0 270 500 270 ""290 200 BT Calibrated Image Cloud Height (km) 18 300 16 20 14 280 15 12 260 10 10 240 220 200 200 150 100 150 100 50 50 LAT: 17.16 N LON: 85.74 E 1SMAY20130300 250 i90 9"
48(1).jpeg,48,Raw Image (INSAT-3D TIRI) Brightness Temperature Contours 1000 1000 800 800 600 600 400 400 240 0 200 200 278 14 BT Calibrated Image Cloud Height (km) 15 20 300 15 10 10 250 400 200 3001 300 100 100 200 LAT: 10.20 N LON: 56.60 E 22MAY20180400 7270 75
48(2).jpeg,48,Raw Image (INSAT-3D TIRI) Brightness Temperature Contours 900 800 800 600 700 400 600 200 BT Calibrated Image Cloud Height (km) 18 16 280 20 14 260 15 12 10 10 240 220 400 200 300 200 300 100 200 100 LAT: 15.68 N LON: 82.11 E 17DEC20180330
48(3).jpeg,48,Raw Image (INSAT-3D TIRI) Brightness Temperature Contours 900 900 800 800 700 600 700 500 400 600 300 BT Calibrated Image Cloud Height (km) 280 20 15 260 15 240 10 10 220 200 400 300 400 200 300 100 100 200 LAT: 15.35 N LON: 85.05 E 030OUTC 03DEC2021
48.jpeg,48,Raw Image (INSAT-3D TIRI) Brightness Temperature Contours 900 800 800 600 700 400 600 200 BT Calibrated Image Cloud Height (km) 18 16 280 20 14 260 15 12 240 10 10 220 200 400 300 200 300 100 200 100 LAT: 17.57 N LON: 70.87 E O5DEC2O170330
49(1).jpeg,49,"Raw Image (INSAT-3D TIRI) Brightness Temperature Contours 8307d 900 800 800 ""2 600 700 270 600 400 500 200 3402 BT Calibrated Image Cloud Height (km) 18 300 16 20 280 14 15 12 260 10 10 240 220 400 200 300 200 300 100 200 100 LAT: 14.58 N LON: 71.21 E 11JUN20190330 0 ~300"
49(2).jpeg,49,Raw Image (INSAT-3D TIRI) Brightness Temperature Contours 900 900 800 800 700 600 700 500 400 600 300 BT Calibrated Image Cloud Height (km) 280 20 15 260 15 240 10 10 220 200 400 300 400 200 300 100 100 200 LAT: 22.80 N LON: 64.75 E 010CT20210300
49.jpeg,49,Raw Image (INSAT-3D TIRI) Brightness Temperature Contours 0 Ai 900 800 800 600 700 400 600 200 BT Calibrated Image Cloud Height (km) 18 16 280 20 14 260 15 12 240 10 10 220 200 400 300 200 300 200 100 100 LAT: 12.37 N LON: 88.30 E 1ODEC2O160200 7270=
50(1).jpeg,50,Raw Image (INSAT-3D TIRI) Brightness Temperature Contours 3278 900 6270 370 800 800 600 700 400 600 200 BT Calibrated Image Cloud Height (km) 18 280 16 20 14 260 15 12 240 10 10 220 200 400 300 200 300 100 200 100 LAT: 14.62 N LON: 70.83 E 01NOV20190330
50(2).jpeg,50,Raw Image (INSAT-3D TIRI) Brightness Temperature Contours 900 900 800 800 700 700 600 600 1 500 500 400 400 300 BT Calibrated Image Cloud Height (km) 300 20 15 280 15 260 10 10 240 220 400 200 300 400 200 300 100 100 200 LAT: 23.23 N LON: 64.35 E 010CT20210700
50.jpeg,50,"Raw Image Brightness Temperature Contours 900 290 800 800 600 8 700 400 600 290 290 8 200 BT Calibrated Image Cloud Height (km) 18 16 280 20 260 15 12 240 10 10 220 200 200 150 100 150 100 50 50 LAT: 11.85 N LON: 91.45 E 25NOV20130930 ""29022"
51(1).jpeg,51,Raw Image (INSAT-3D TIRI) Brightness Temperature Contours 900 800 800 600 700 400 600 200 500 BT Calibrated Image Cloud Height (km) 18 300 16 280 20 14 260 15 12 10 10 240 220 200 400 300 200 300 200 100 100 LAT: 18.01 N LON: 93.28 E 16APR2O1711OO
51.jpeg,51,Raw Image Brightness Temperature Contours 900 800 800 600 700 230  218 400 600 2785 200 500 BT Calibrated Image Cloud Height (km) 300 16 20 14 280 15 12 260 10 10 240 220 200 200 150 100 150 100 50 50 LAT: 18.28 N LON: 62.80 E 13JUN20140415 8
52(1).jpeg,52,Raw Image (INSAT-3D TIRI) Brightness Temperature Contours 900 900 800 800 700 700 600 600 500 500 400 300 400 BT Calibrated Image Cloud Height (km) 18 300 16 20 14 280 15 12 260 10 10 240 220 400 200 300 200 300 200 100 100 LAT: 18.31 N LON: 72.83 E 03JUN20200600
52.jpeg,52,Raw Image (INSAT-3D TIRI) Brightness Temperature Contours 900 800 800 600 700 400 600 853210 200 BT Calibrated Image Cloud Height (km) 16 14 20 280 12 15 260 10 10 240 220 400 300 200 200 300 100 200 100 LAT: 14.18 N LON: 57.78 E 120CT20180330 270 270
53(1).jpeg,53,Raw Image (INSAT-3D TIRI) Brightness Temperature Contours 900 800 800 600 700 400 600 280 200 BT Calibrated Image Cloud Height (km) 18 16 280 20 260 15 12 240 10 10 220 200 400 300 200 300 100 200 100 LAT: 11.55 N LON: 83.77 E 16DEC20180330 Iosz 727o
53(2).jpeg,53,Raw Image (INSAT-3D TIRI) Brightness Temperature Contours 900 900 800 800 700 600 700 500 270 400 600 300 BT Calibrated Image Cloud Height (km) 280 20 15 260 15 240 10 10 220 200 400 300 400 200 300 100 100 200 LAT: 12.90 N LON: 72.60 E 15MAY20210230
53(3).jpeg,53,Raw Image (INSAT-3D TIRI) Brightness Temperature Contours 270 900 900 800 800 700 600 700 500 400 600 300 BT Calibrated Image Cloud Height (km) 280 20 15 260 15 240 10 10 220 200 400 300 400 200 300 100 100 200 LAT: 16.30 N LON: 89.70 E 24MAY20210230 270
53.jpeg,53,Raw Image (INSAT-3D TIRI) Brightness Temperature Contours 900 270 800 800 600 700 400 600 200 BT Calibrated Image Cloud Height (km) 18 16 280 20 14 260 15 12 240 10 10 220 200 400 300 200 300 100 200 100 LAT: 12.55 N LON: 60.38 E O9OCT20180330 '270' 3/2185
54.jpeg,54,Raw Image (INSAT-3D TIRI) Brightness Temperature Contours 900 900 800 800 700 600 700 500 400 600 BT Calibrated Image Cloud Height (km) 16 280 20 14 260 15 12 10 10 240 220 400 200 300 200 300 200 100 100 LAT: 15.13 N LON: 53.75 E 14OCT20180100
55(1).jpeg,55,"1430 UTC 12NOV2018 12NOV20181430 TIRI BT (K) 12NOV20181430 TIRZ BT (K) 12NOV20181430 WV BT (K) 300 260 285 285 250 15.29'NI 15.29'N 15.29'N 270 270 240 255 255 230 13.29'N 13.29'N 13.29'N ] 240 8 ] 240 8 7 220 8 11.29eNi 11.29'N 11.29'N 225 225 210 210 210 200 9.29*N 9.29""N 9.29-Ni 195 195 190 7.29'N 180 7.291N} 180 7.29*N} 180 81.48'E 83.48'E 85.48'€ 87.48'E 89.48PE 48*E 83.48'E 85.48'E 87.48'E 89.48*E 81.48'E 83.48*E 85.48'E 87.48'E 89.48'E Longitude Longitude Longitude 12NOV20181430 MIR BT (K) 12NOV20181430 VIS Albedo (%) 12NOV20181430 SWIR Radiance 0.8 7.2 300 0.7 15.29*Ni 15,29*N 6.4 15.29*N 280 0.6 5.6 13.29PN 260 13.29-N 13.29PNi 0.5 | 240 8 ] ] 0.4 11.29*N 11,29""Ni 11.29*N 0.3 3.2 220 0.2 29*Ni 9.29PNi 2.4 9.29*N 200 1.6 7.299N, 180 7.281N48*E 7.29CN 0.0 81.48*E 83.48""E 85.48*€ 87.48'E 89.48*E 83.48""E 85.48PE 87.48PE 89.48PE 81.48*E 83.48""E 85.48'€ 87.48P 89.48PE Longitude Longitude Longitude 12NOV20181430 TIRI BT (K) 12NOV20181430( TIRI BD Curve Enhanced) Deg 12NOV20181430 (TIRI NHC Enhanced) Deg 300  = 285 98 15.29'N 15.29'N 83 15.29*N 270 255 13.29 13.29'N 13.29*N  240 8 ] J 11.29*NI 11.29'N 11.29*N 225 +10 210 29""N 29-N 29PN 195 7.299N, 180 7.29*N 7.29'N 81.48PE 83.48PE 85.48PE 87.48'E 89.48PE 81.48*E 83.48*E 85.48*E 87.48*E 89.48""E 81.48' 83.48""E 85.48""E 87.48""E 89.48' Longitude Longitude Longitude 280 280r"
55(2).jpeg,55,Raw Image (INSAT-3D TIRI) Brightness Temperature Contours 900 2ao 70- 800 800 700 600 600 500 400 400 300 22407 200 640 4 BT Calibrated Image Cloud Height (km) 320 20 15 300 280 15 10 260 10 240 220 400 200 300 200 300 100 200 100 LAT: 7.73 N LON: 87.51 E 28APR2O190330 0z10}
55.jpeg,55,Raw Image Brightness Temperature Contours 900 290 8 2789 800 800 250 600 700 400 600 6 200 BT Calibrated Image Cloud Height (km) 300 20 12 280 15 10 260 10 240 220 200 150 100 150 100 50 50 LAT: 15.19 N LON: 84.26 E 2ONOV20130400 230 e70(
56.jpeg,56,"Raw Image Brightness Temperature Contours 900 800 800 230 250 600 700 400 600 2170 ""290 200 BT Calibrated Image Cloud Height (km) 16 280 20 14 15 12 260 10 10 240 220 200 200 150 100 150 100 50 50 LAT: 13.68 N LON: 84.59 E O9DEC20130400 290"
57(1).jpeg,57,"Raw Image Brightness Temperature Contours 900 800 71  800 2290 Fo 600 +0 700 270 250 400 600 270 200 250 3s0 BT Calibrated Image Cloud Height (km) 18 300 16 280 20 14 15 12 260 10 10 240 220 200 200 150 100 150 100 50 50 LAT: 22.59 N LON: 88.98 E 16MAY20130200 270 7290"" ~210 * ~290  5250  7708[ 2290"
57(2).jpeg,57,Raw Image (INSAT-3D TIRI) Brightness Temperature Contours 900 170 800 800 600 700 600 400 500 200 BT Calibrated Image Cloud Height (km) 18 300 16 20 280 14 15 260 12 10 10 240 220 200 400 300 200 300 100 200 100 LAT: 8.07 N LON: 87.35 E 29APR2O190300 8
57.jpeg,57,Raw Image Brightness Temperature Contours 900 800 230 800 600 790 2 700 400 600 ~2Z0 270 ~ 270 200 250 BT Calibrated Image Cloud Height (km) 18 16 280 20 14 260 15 12 10 10 240 220 200 200 150 100 150 100 50 50 LAT: 11.72 N LON: 89.41 E 26NOV20130400 270
58(1).jpeg,58,Raw Image (INSAT-3D TIRI) Brightness Temperature Contours 900 800 700 600 BT Calibrated Image Cloud Height (km) 18 280 20 16 14 260 15 12 240 10 10 220 200 400 300 200 300 200 100 100 LAT: 8.90 N LON: 85.10 E 1SDEC20180200
58.jpeg,58,"Raw Image Brightness Temperature Contours 290 8 ~290 900 27p 290 800 250 ~2308  800 600 700 400 600 200 BT Calibrated Image Cloud Height (km) 16 14 280 20 12 15 260 10 10 240 220 200 150 200 100 150 100 50 50 LAT: 15.57 N LON: 84.35 E 1ODEC20130330 ~250"" 290"
59(1).jpeg,59,Raw Image Brightness Temperature Contours 900 800 800 600 700 400 600 250 2902 2290 7290- 6270 500 200 BT Calibrated Image Cloud Height (km) 300 16 20 14 280 15 12 260 10 10 240 220 200 200 150 100 150 100 50 50 LAT: 13.96 N LON: 83.92 E O9DEC20131000 8 250
59(2).jpeg,59,Raw Image (INSAT-3D TIRI) Brightness Temperature Contours 6276 900 800 800 600 700 278 400 600 200 BT Calibrated Image Cloud Height (km) 18 280 16 20 14 260 15 12 240 10 10 220 200 400 300 200 300 100 200 100 LAT: 10.55 N LON: 72.98 E 31OCT20190300
59.jpeg,59,"Raw Image Brightness Temperature Contours 290 900 290 800 800 600 700 400 600 200 BT Calibrated Image Cloud Height (km) 16 280 20 14 15 12 260 10 10 240 220 200 200 150 100 150 100 50 50 LAT: 12.09 N LON: 91.86 E 25NOV20130400 8 290 7290"" ""270 290"
59_LUBAN.png,59,TC LUBAN TC TITLI Raw Image (INSAT-3D TIRI) Brightness Temperature Contours Raw Image (INSAT-3D TIRI) Brightness Temperature Contours 900 900 800 800 800 500 700 700 218 600 400 600 332 500 200 D-270 BT Calibrated Image Cloud Height (km) BT Calibrated Image Cloud Height (km) 300 280 20 20 280 260 15 15 260 240 10 10 240 220 220 200 400 200 400 300 300 200 300 200 300 100 200 100 200 100 100 LAT: 14.18 N LON: 59.02 E 10OCT20180330 LAT: 16.70 N LON: 86.03 E 10OCT20180330 2208
60(1).jpeg,60,Raw Image (INSAT-3D TIRI) Brightness Temperature Contours 900 800 800 600 700 600 400 300 1270 500 200 BT Calibrated Image Cloud Height (km) 18 300 16 20 280 14 15 12 260 10 10 240 220 200 400 300 200 300 100 200 100 LAT: 18.51 N LON: 90.26 E 29MAY20171030 4ob
60(2).jpeg,60,Raw Image (INSAT-3D TIRI) Brightness Temperature Contours 900 800 800 600 700 400 600 200 BT Calibrated Image Cloud Height (km) 18 16 280 20 14 260 15 12 240 10 10 220 200 400 300 200 300 100 200 100 LAT: 8.41 N LON: 73.62 E 01DEC2O170300
60.jpeg,60,Raw Image Brightness Temperature Contours Q290 900 2739 800 250  800 230 600 700 400 600 500 200 BT Calibrated Image Cloud Height (km) 16 300 14 20 12 280 15 10 260 10 240 220 200 150 200 100 150 100 50 50 LAT: 15.02 N LON: 83.57 E 2ONOV20130930 290}
61(1).jpeg,61,Raw Image (INSAT-3D TIRI) Brightness Temperature Contours 4i70 770 900 800 800 600 700 400 600 200 BT Calibrated Image Cloud Height (km) 18 16 280 20 14 260 15 12 240 10 10 220 200 400 300 200 300 200 100 100 LAT: 12.37 N LON: 84.56 E M1DEC2O1602O0 1
61(2).jpeg,61,Raw Image (INSAT-3D TIRI) Brightness Temperature Contours 900 900 800 800 700 f6oo 700 500 400 600 300 BT Calibrated Image Cloud Height (km) 16 280 20 14 15 12 260 10 10 240 220 400 300 200 200 300 200 100 100 LAT: 14.63 N LON: 56.55 E 130CT20180130
61.jpeg,61,Raw Image Brightness Temperature Contours 900 800 850 800 % 600 750 210 700 230 00 400 650 7250 600 200 BT Calibrated Image Cloud Height (km) 14 280 20 12 15 10 260 10 240 220 200 150 100 150 100 50 50 LAT: 12.77 N LON: 49.86 E O9NOV20150315 270 5 9 590
62.jpeg,62,Raw Image Brightness Temperature Contours 900 800 800 600 700 L290 290 (0290 400 600 2 200 BT Calibrated Image Cloud Height (km) 14 20 280 12 15 260 10 10 240 220 200 150 100 150 200 100 50 50 LAT: 12.74 N LON: 55.85 E O8NOV20150315 290- 290 290' [290
63(1).jpeg,63,Raw Image (INSAT-3D TIRI) Brightness Temperature Contours 900 800 800 600 700 400 600 200 500 BT Calibrated Image Cloud Height (km) 300 18 16 280 20 14 15 260 12 10 10 240 220 200 400 300 200 300 100 200 100 LAT: 8.79 N LON: 88.03 E 14DEC20180730
63(2).jpeg,63,Raw Image (INSAT-3D TIRI) Brightness Temperature Contours 900 900 800 800 700 700 600 600 500 400 500 300 400 BT Calibrated Image Cloud Height (km) 18 300 16 20 14 280 15 12 260 10 10 240 220 400 200 300 200 300 200 100 100 LAT: 13.50 N LON: 73.30 E 15MAY20210929
63.jpeg,63,Raw Image (INSAT-3D TIRI) Brightness Temperature Contours 900 800 800 600 700 600 400 500 200 BT Calibrated Image Cloud Height (km) 18 300 16 20 280 14 15 12 260 10 10 240 220 400 200 300 200 300 100 200 100 LAT: 17.10 N LON: 92.33 E 16APR2O170400 1300
64(1).jpeg,64,Raw Image (INSAT-3D TIRI) Brightness Temperature Contours 900 800 800 279 600 700 229 400 600 ~270 200 BT Calibrated Image Cloud Height (km) 16 280 20 14 15 12 260 10 10 240 220 400 200 300 200 300 100 200 100 LAT: 14.51 N LON: 58.38 E 11OCT20180330
64(2).jpeg,64,Raw Image (INSAT-3D TIRI) Brightness Temperature Contours 900 900 800 800 700 600 700 500 400 600 300 BT Calibrated Image Cloud Height (km) 280 20 15 260 15 240 10 10 220 200 400 300 400 200 300 100 100 200 LAT: 17.07 N LON: 86.91 E 08NOV20190330
64.jpeg,64,"Raw Image Brightness Temperature Contours 270 900 800 800 600 700 400 600 290 200 BT Calibrated Image Cloud Height (km) 300 16 20 14 280 15 12 260 10 10 240 220 200 200 150 20 100 150 100 50 50 LAT: 20.80 N LON: 89.60 E 21MAY20160315 8 2270 4290, 5278"
65(1).jpeg,65,Raw Image (INSAT-3D TIRI) Brightness Temperature Contours 900 900 800 800 700 600 700 500 400 600 BT Calibrated Image Cloud Height (km) 16 280 20 14 260 15 12 10 10 240 220 400 200 300 200 300 200 100 100 LAT: 15.13 N LON: 53.75 E 14OCT20180100
65(2).jpeg,65,Raw Image (INSAT-3D TIRI) Brightness Temperature Contours 18 900 900 800 800 700 600 700 500 400 600 300 BT Calibrated Image Cloud Height (km) 280 20 15 260 15 240 10 10 220 200 400 300 400 200 300 100 100 200` LAT: 23.83 N LON: 62.65 E 020CT20210300
65(3).jpeg,65,Raw Image (INSAT-3D TIRI) Brightness Temperature Contours 900 900 800 800 700 600 700 500 600 400 300 500 BT Calibrated Image Cloud Height (km) 300 280 20 15 15 260 10 10 240 220 200 400 300 400 200 300 100 100 200 LAT: 18.20 N LON: 88.00 E 25MAY20210229
65.jpeg,65,Raw Image Brightness Temperature Contours 900 08?707 800 800 600 700 70 400 600 8 200 270 250 239 270 BT Calibrated Image Cloud Height (km) 18 300 16 280 20 14 260 15 12 10 10 240 220 200 200 150 100 150 100 50 50 LAT: 12.30 N LON: 88.74 E 26NOV20130930 ~250'
66.jpeg,66,"Raw Image Brightness Temperature Contours 270 900 270 800 800 Re 250  600 2270 700 400 600 200 BT Calibrated Image Cloud Height (km) 16 20 14 280 12 15 260 10 10 240 220 200 150 200 100 150 100 50 50 LAT: 20.36 N LON: 64.63 E 30OCT20140315 8 290 8 229 2290 -290 """
67(1).jpeg,67,Raw Image (INSAT-3D TIRI) Brightness Temperature Contours 900 800 17 800  600 700 400 600 200 500 BT Calibrated Image Cloud Height (km) 300 18 16 280 20 14 15 260 12 10 10 240 220 200 400 300 200 300 100 200 100 LAT: 17.25 N LON: 90.75 E 29MAY20170230
67.jpeg,67,"Raw Image Brightness Temperature Contours 270 900 270 800 800 Re 250  600 2270 700 400 600 200 BT Calibrated Image Cloud Height (km) 16 20 14 280 12 15 260 10 10 240 220 200 150 200 100 150 100 50 50 LAT: 20.36 N LON: 64.63 E 30OCT20140315 8 290 8 229 2290 -290 """
67.png,67,TC LUBAN TC TITLI Raw Image (INSAT-3D TIRI) Brightness Temperature Contours Raw Image (INSAT-3D TIRI) Brightness Temperature Contours 900 900 800 800 800 500 700 700 218 600 400 600 332 500 200 D-270 BT Calibrated Image Cloud Height (km) BT Calibrated Image Cloud Height (km) 300 280 20 20 280 260 15 15 260 240 10 10 240 220 220 200 400 200 400 300 300 200 300 200 300 100 200 100 200 100 100 LAT: 14.18 N LON: 59.02 E 10OCT20180330 LAT: 16.70 N LON: 86.03 E 10OCT20180330 2208
68(1).jpeg,68,Raw Image (INSAT-3D TIRI) Brightness Temperature Contours 900 900 800 800 700 600 700 500 600 400 300 500 BT Calibrated Image Cloud Height (km) 18 300 16 20 280 14 15 12 260 10 10 240 220 200 400 300 200 300 200 100 100 LAT: 15.15 N LON: 72.90 E 16MAY20210300
68.jpeg,68,Raw Image (INSAT-3D TIRI) Brightness Temperature Contours 900 900 800 800 700 600 700 500 400 600 300 BT Calibrated Image Cloud Height (km) 18 16 280 20 14 260 15 12 240 10 10 220 200 400 300 200 300 200 100 100 LAT: 10.80 N LON: 82.20 E 25NOV20200330
69(1).jpeg,69,Raw Image (INSAT-3D TIRI) Brightness Temperature Contours 900 900 800 800 279 700 700 600 500 600 400 500 300 BT Calibrated Image Cloud Height (km) 300 20 15 280 15 260 10 10 240 220 200 400 300 400 200 300 100 100 200 LAT: 18.90 N LON: 88.15 E 25MAY20210830
69.jpeg,69,Raw Image (INSAT-3D TIRI) Brightness Temperature Contours 900 800 800 600 700 400 600 200 500 BT Calibrated Image Cloud Height (km) 300 16 20 14 280 15 12 260 10 10 240 220 400 300 200 200 300 200 100 100 LAT: 12.74 N LON: 80.98 E 12DEC2O160300
70.jpeg,70,"Raw Image Brightness Temperature Contours 900 800 800 250 600 700 400 600 200 9 BT Calibrated Image Cloud Height (km) 16 280 20 14 12 15 260 10 10 240 220 200 150 200 100 150 100 50 50 2014-10-28 0315 2 TC Center: LAT: 15.80 N LON: 61.60 E 270 2290""- ""~290270 ~290"
73.jpeg,73,Raw Image (INSAT-3D TIRI) Brightness Temperature Contours 900 800 800 600 700 400 600 200 500 BT Calibrated Image Cloud Height (km) 18 16 280 20 260 15 12 240 10 10 220 200 400 300 200 300 100 200 100 LAT: 11.40 N LON: 55.67 E 23MAY20180330
74(1).jpeg,74,Raw Image (INSAT-3D TIRI) Brightness Temperature Contours 900 3998= 800 800 700 300 600 600 400 500 2Y270 200 270_ 4B BT Calibrated Image Cloud Height (km) 18 300 16 20 280 15 12 260 10 10 240 220 400 200 300 200 300 100 200 100 LAT: 17.83 N LON: 70.11 E 12JUN20190330 7270
74(2).jpeg,74,Raw Image (INSAT-3D TIRI) Brightness Temperature Contours 900 900 800 800 700 700 600 500 600 400 500 300 BT Calibrated Image Cloud Height (km) 18 300 16 20 280 14 15 12 260 10 10 240 220 400 200 300 200 300 200 100 100 LAT: 16.45 N LON: 72.65 E 16MAY20210929
74.jpeg,74,"Raw Image Brightness Temperature Contours 270 900 290 290 800 800 600 700 400 600 290 'g 200 BT Calibrated Image Cloud Height (km) 16 280 20 14 15 12 260 10 10 240 220 200 150 200 100 150 100 50 50 2014-10-27 03142 TC Center: LAT: 14.60 N LON: 62.20 E 790*270'. J2905 230"""
75.jpeg,75,Raw Image (INSAT-3D TIRI) Brightness Temperature Contours 900 900 800 800 700 700 600 500 600 400 500 300 BT Calibrated Image Cloud Height (km) 300 20 15 280 15 260 10 10 240 220 200 400 300 400 200 300 100 100 200` LAT: 13.37 N LON: 86.83 E 18MAY20200400
77(1).jpeg,77,Raw Image (INSAT-3D TIRI) Brightness Temperature Contours 900 300 270 800 800 270 370 700 600 600 400 500 0278 400 200 BT Calibrated Image Cloud Height (km) 18 16 300 20 14 280 15 12 260 10 10 240 220 400 200 200 300 100 200 100 LAT: 20.66 N LON: 69.02 E 13JUN20190500 300 1270 800_
77.jpeg,77,Raw Image Brightness Temperature Contours 900 800 800 270 600 700 2100 400 600 200 BT Calibrated Image Cloud Height (km) 16 20 14 280 12 15 260 10 10 240 5 220 200 150 200 100 150 100 50 50 2014-10-10 0330 2 TC Center: LAT: 14.80 N LON: 90.30 E
81.jpeg,81,"Raw Image Brightness Temperature Contours -90 900 800 800 230 10 600 700 8 400 600 2 8 200 290 Rz0 ;9Q BT Calibrated Image Cloud Height (km) 300 20 12 280 15 10 260 10 240 220 200 150 100 150 100 50 50 LAT: 13.16 N LON: 51.90 E O2NOV20150344 8 200"" -290 290_"
82(1).jpeg,82,Raw Image (INSAT-3D TIRI) Brightness Temperature Contours 900 900 800 800 700 700 3 600 600 210 500 500 400 400 300 BT Calibrated Image Cloud Height (km) 300 20 15 280 15 260 10 10 240 220 200 400 300 400 200 300 100 100 200` LAT: 19.80 N LON: 71.30 E 17MAY20210929
82.jpeg,82,Raw Image (INSAT-3D TIRI) Brightness Temperature Contours 900 800 800 600 700 400 600 2406 500 200 BT Calibrated Image Cloud Height (km) 18 300 16 20 280 14 15 260 12 10 10 240 220 200 400 300 200 300 100 200 100 LAT: 14.77 N LON: 68.57 E O4DEC2O170830 7270
83(1).jpeg,83,Raw Image (INSAT-3D TIRI) Brightness Temperature Contours 900 800 800 600 700 400 600 200 BT Calibrated Image Cloud Height (km) 18 16 280 20 14 260 15 12 240 10 10 220 200 400 300 200 300 100 200 100 LAT: 13.88 N LON: 68.30 E O4DEC2O170300 ;
83.jpeg,83,"Raw Image Brightness Temperature Contours -90 900 800 800 230 10 600 700 8 400 600 2 8 200 290 Rz0 ;9Q BT Calibrated Image Cloud Height (km) 300 20 12 280 15 10 260 10 240 220 200 150 100 150 100 50 50 LAT: 13.16 N LON: 51.90 E O2NOV20150344 8 200"" -290 290_"
84(1).jpeg,84,Raw Image Brightness Temperature Contours ~290 274 900 800 6 800 600 700 400 290 600 370 O9 200 8 BT Calibrated Image Cloud Height (km) 16 300 14 20 280 12 15 260 10 10 240 220 200 150 200 100 150 100 50 50 LAT: 18.98 N LON: 61.94 E 29OCT20140215 290 270 ~290} 1 1 0 8 3 290
84.jpeg,84,Raw Image Brightness Temperature Contours ~290 274 900 800 6 800 600 700 400 290 600 370 O9 200 8 BT Calibrated Image Cloud Height (km) 16 300 14 20 280 12 15 260 10 10 240 220 200 150 200 100 150 100 50 50 LAT: 18.98 N LON: 61.94 E 29OCT20140215 290 270 ~290} 1 1 0 8 3 290
85(1).jpeg,85,"Raw Image Brightness Temperature Contours 27890 900 270 ~290 800 '2705 8 2250 800 600 278 , 700 230/110 400 600 70290 200 BT Calibrated Image Cloud Height (km) 16 14 280 20 12 15 260 10 10 240 220 200 150 200 100 150 100 50 50 LAT: 14.47 N LON: 61.30 E 30OCT20150345 290, 2901"
85(2).jpeg,85,"Raw Image Brightness Temperature Contours 290/270 900 800 800 600 700 299 400 600 200 BT Calibrated Image Cloud Height (km) 16 20 14 280 12 15 260 10 10 240 220 200 150 20 200 100 150 100 50 50 LAT: 14.10 N LON: 59.10 E 31OCT20150315 ""290 2n90 ~2907 '2906"
85.jpeg,85,Raw Image Brightness Temperature Contours 290 900 290 800 800 600 700 400 200 600 2502 BT Calibrated Image Cloud Height (km) 18 280 16 20 14 260 15 12 240 10 10 220 200 200 150 100 150 180 100 50 50 2014-10-10 21152 TC Center: LAT: 15.80 N LON: 86.30 E 270 210
86(1).jpeg,86,Raw Image (INSAT-3D TIRI) Brightness Temperature Contours 900 800 278 800 600 700 400 600 200 BT Calibrated Image Cloud Height (km) 18 16 280 20 14 260 15 12 240 10 10 220 200 400 300 200 300 100 200 100 LAT: 9.05 N LON: 71.51 E O2DEC2O170330
86(2).jpeg,86,Raw Image (INSAT-3D TIRI) Brightness Temperature Contours 900 900 800 800 700 700 600 500 600 400 300 500 BT Calibrated Image Cloud Height (km) 300 20 15 280 15 260 10 10 240 220 200 400 300 400 200 300 100 100 200` LAT: 18.90 N LON: 71.40 E 17MAY20210300
86.jpeg,86,Raw Image Brightness Temperature Contours 790 900 290 800 850 '70 800 600 750 700 400 650 600 200 BT Calibrated Image Cloud Height (km) 16 280 20 14 15 12 260 10 10 240 220 200 150 200 100 150 100 50 50 LAT: 13.60 N LON: 56.40 E 01NOV20150214 290>
87.jpeg,87,Raw Image (INSAT-3D TIR1) Brightness Temperature Contours 900 800 800 600 700 400 600 200 500 BT Calibrated Image Cloud Height (km) 18 300 16 280 20 14 15 260 12 10 10 240 220 200 400 300 200 300 100 200 100 LAT: 20.91 N LON: 91.09 E 30MAY20170200
91.jpeg,91,"0930 UTC 14NQV2018 14NOV20180930 TIRI BT (K) 14NOV20180930 TIR2 BT (K) 14NOV20180930 WV BT (K) 315 315 260 300 300 250 15.81*N 15.81'N 15.81'N 285 285 240 270 270 13.81*N 13,81*N 13,81""N 230 255 > 255 > ] 240 8 ] ] 220 8 240 11.81*N 11,81'N 11.81'N 210 225 225 200 210 210 9.81'N 9.81""N 9.81'N 195 195 190 7.819N 180 7.819 180 7.819068*E 180 79.68'E 81.68'E 83.68'E 85.68'E 87.68'E 68'E 81.68PE 83.68'E 85.68'E 87.68PE 81.68'E 83.68' 85.68*E 87.68'E Longitude Longitude Longitude 14NOV20180930 MIR BT (K) 14NOV20180930 VIS Albedo (%) 14NOV20180930 SWIR Radiance 320 4.0 15.81""N 300 15.81*N 15.81*N 280 3.0 13.81'Nl 13.81""N 13.81'Nl 2.5 260 _ 1 8 1 1 2.0 11.81*N] 240 11.81'N 11.81*N 220 9.81'N 9.81'N 9.81PN 200 7.839.68*E 81.68'E 83.68PE 85,68""E 87.68*E 180 7.839.88*E 81.68'€ 83.68PE 85.68""E 87.68*E 7.81918 .68PE 81.68'€ 83.68PE 85.68""E 87.68*E 0.0 Longitude Longitude Longitude 14NOV20180930 TIRI BT (K) 14NOV20180930( TIRI BD Curve Enhanced) Deg 14NOV20180930 (TIRL NHC Enhanced) Deg 315 300 0g 15.81'NI 15,81eN 8 15,81*N 285 270 9 13.81""Ni 13.81*N 13.81 255 _ ] 240 8 ] J 11,81*N 11,81eN 11,81#N +10 225 210 9.81'N 81*N 81'N 195 7.819188 E 81.68'€ 83.68E 85.68""E 87.68'E 180 7.849""68*E 81.68'E 83.68*E 85.68PE 87.68'E 7.819068*E 81.68'E 83.68PE 85,68PE 87.68'E Longitude Longitude Longitude"
94.jpeg,94,"Raw Image (INSAT-3D TIRI) Brightness Temperature Contours 900 19 3002300 {800' 27 7 300"" 300 800 800 3 700 600 600 So0 400 500 400 200 P48 BT Calibrated Image Cloud Height (km) 18 300 16 20 14 280 15 12 260 10 10 240 220 400 200 300 200 300 100 200 100 LAT: 21.12 N LON: 68.38 E 14JUN20190330"
98.jpeg,98,Raw Image (INSAT-3D TIRI) Brightness Temperature Contours 900 8 38s8 800 800 700 600 600 '7e70 400 500 200 400 BT Calibrated Image Cloud Height (km) 18 300 16 20 14 280 15 12 260 10 10 240 220 400 200 300 200 300 100 200 100 LAT: 12.59 N LON: 85.47 E 30APR2O190330 7300- 0 8
99.jpeg,99,Raw Image (INSAT-3D TIRI) Brightness Temperature Contours 900 7300 7300 800 800 700 600 600 400 500 270 400 200 BT Calibrated Image Cloud Height (km) 16 300 14 20 12 280 15 10 260 10 240 220 400 300 200 200 300 100 200 100 LAT: 18.58 N LON: 64.19 E O4NOV20190730 8
